ID Gender,Gender,ID Industry Group,Industry Group,ID Year,Year,Median Earnings by Industry and Gender,Median Earnings by Industry and Gender Moe,Geography,ID Geography,Slug Geography
0,"Male",1,"Agriculture, Forestry, Fishing & Hunting, & Mining",2021,"2021",46008,8191,"Charlotte, NC","16000US3712000","charlotte-nc"
0,"Male",2,"Construction",2021,"2021",38084,1047,"Charlotte, NC","16000US3712000","charlotte-nc"
0,"Male",3,"Manufacturing",2021,"2021",50272,3552,"Charlotte, NC","16000US3712000","charlotte-nc"
0,"Male",4,"Wholesale Trade",2021,"2021",57365,5096,"Charlotte, NC","16000US3712000","charlotte-nc"
0,"Male",5,"Retail Trade",2021,"2021",33111,1475,"Charlotte, NC","16000US3712000","charlotte-nc"
0,"Male",6,"Transportation & Warehousing, & Utilities",2021,"2021",45349,3371,"Charlotte, NC","16000US3712000","charlotte-nc"
0,"Male",7,"Information",2021,"2021",62760,5714,"Charlotte, NC","16000US3712000","charlotte-nc"
0,"Male",8,"Finance & Insurance, & Real Estate & Rental & Leasing",2021,"2021",98155,2888,"Charlotte, NC","16000US3712000","charlotte-nc"
0,"Male",9,"Professional, Scientific, & Management, & Administrative & Waste Management Services",2021,"2021",73746,3177,"Charlotte, NC","16000US3712000","charlotte-nc"
0,"Male",10,"Educational Services, & Health Care & Social Assistance",2021,"2021",49035,3397,"Charlotte, NC","16000US3712000","charlotte-nc"
0,"Male",11,"Arts, Entertainment, & Recreation, & Accommodations & Food Services",2021,"2021",24222,2819,"Charlotte, NC","16000US3712000","charlotte-nc"
0,"Male",13,"Other Services Except Public Administration",2021,"2021",35863,2914,"Charlotte, NC","16000US3712000","charlotte-nc"
0,"Male",14,"Public Administration",2021,"2021",62995,5495,"Charlotte, NC","16000US3712000","charlotte-nc"
1,"Female",1,"Agriculture, Forestry, Fishing & Hunting, & Mining",2021,"2021",20568,11417,"Charlotte, NC","16000US3712000","charlotte-nc"
1,"Female",2,"Construction",2021,"2021",39940,2696,"Charlotte, NC","16000US3712000","charlotte-nc"
1,"Female",3,"Manufacturing",2021,"2021",41996,3755,"Charlotte, NC","16000US3712000","charlotte-nc"
1,"Female",4,"Wholesale Trade",2021,"2021",42883,4818,"Charlotte, NC","16000US3712000","charlotte-nc"
1,"Female",5,"Retail Trade",2021,"2021",24754,1782,"Charlotte, NC","16000US3712000","charlotte-nc"
1,"Female",6,"Transportation & Warehousing, & Utilities",2021,"2021",37595,4421,"Charlotte, NC","16000US3712000","charlotte-nc"
1,"Female",7,"Information",2021,"2021",44922,2041,"Charlotte, NC","16000US3712000","charlotte-nc"
1,"Female",8,"Finance & Insurance, & Real Estate & Rental & Leasing",2021,"2021",65696,2566,"Charlotte, NC","16000US3712000","charlotte-nc"
1,"Female",9,"Professional, Scientific, & Management, & Administrative & Waste Management Services",2021,"2021",44615,2518,"Charlotte, NC","16000US3712000","charlotte-nc"
1,"Female",10,"Educational Services, & Health Care & Social Assistance",2021,"2021",40877,907,"Charlotte, NC","16000US3712000","charlotte-nc"
1,"Female",11,"Arts, Entertainment, & Recreation, & Accommodations & Food Services",2021,"2021",19191,1614,"Charlotte, NC","16000US3712000","charlotte-nc"
1,"Female",13,"Other Services Except Public Administration",2021,"2021",26452,3323,"Charlotte, NC","16000US3712000","charlotte-nc"
1,"Female",14,"Public Administration",2021,"2021",47889,5269,"Charlotte, NC","16000US3712000","charlotte-nc"
0,"Male",1,"Agriculture, Forestry, Fishing & Hunting, & Mining",2020,"2020",41250,14076,"Charlotte, NC","16000US3712000","charlotte-nc"
0,"Male",2,"Construction",2020,"2020",35355,1351,"Charlotte, NC","16000US3712000","charlotte-nc"
0,"Male",3,"Manufacturing",2020,"2020",50470,3067,"Charlotte, NC","16000US3712000","charlotte-nc"
0,"Male",4,"Wholesale Trade",2020,"2020",46364,5150,"Charlotte, NC","16000US3712000","charlotte-nc"
0,"Male",5,"Retail Trade",2020,"2020",31890,1140,"Charlotte, NC","16000US3712000","charlotte-nc"
0,"Male",6,"Transportation & Warehousing, & Utilities",2020,"2020",43986,3351,"Charlotte, NC","16000US3712000","charlotte-nc"
0,"Male",7,"Information",2020,"2020",59331,4661,"Charlotte, NC","16000US3712000","charlotte-nc"
0,"Male",8,"Finance & Insurance, & Real Estate & Rental & Leasing",2020,"2020",91565,2823,"Charlotte, NC","16000US3712000","charlotte-nc"
0,"Male",9,"Professional, Scientific, & Management, & Administrative & Waste Management Services",2020,"2020",66111,1944,"Charlotte, NC","16000US3712000","charlotte-nc"
0,"Male",10,"Educational Services, & Health Care & Social Assistance",2020,"2020",46017,2493,"Charlotte, NC","16000US3712000","charlotte-nc"
0,"Male",11,"Arts, Entertainment, & Recreation, & Accommodations & Food Services",2020,"2020",22657,1432,"Charlotte, NC","16000US3712000","charlotte-nc"
0,"Male",13,"Other Services Except Public Administration",2020,"2020",33747,2612,"Charlotte, NC","16000US3712000","charlotte-nc"
0,"Male",14,"Public Administration",2020,"2020",54516,2836,"Charlotte, NC","16000US3712000","charlotte-nc"
1,"Female",1,"Agriculture, Forestry, Fishing & Hunting, & Mining",2020,"2020",11693,11857,"Charlotte, NC","16000US3712000","charlotte-nc"
1,"Female",2,"Construction",2020,"2020",38744,1846,"Charlotte, NC","16000US3712000","charlotte-nc"
1,"Female",3,"Manufacturing",2020,"2020",39847,4103,"Charlotte, NC","16000US3712000","charlotte-nc"
1,"Female",4,"Wholesale Trade",2020,"2020",41306,4600,"Charlotte, NC","16000US3712000","charlotte-nc"
1,"Female",5,"Retail Trade",2020,"2020",22237,1715,"Charlotte, NC","16000US3712000","charlotte-nc"
1,"Female",6,"Transportation & Warehousing, & Utilities",2020,"2020",35952,3216,"Charlotte, NC","16000US3712000","charlotte-nc"
1,"Female",7,"Information",2020,"2020",44716,3696,"Charlotte, NC","16000US3712000","charlotte-nc"
1,"Female",8,"Finance & Insurance, & Real Estate & Rental & Leasing",2020,"2020",59165,3790,"Charlotte, NC","16000US3712000","charlotte-nc"
1,"Female",9,"Professional, Scientific, & Management, & Administrative & Waste Management Services",2020,"2020",41089,2163,"Charlotte, NC","16000US3712000","charlotte-nc"
1,"Female",10,"Educational Services, & Health Care & Social Assistance",2020,"2020",38183,1101,"Charlotte, NC","16000US3712000","charlotte-nc"
1,"Female",11,"Arts, Entertainment, & Recreation, & Accommodations & Food Services",2020,"2020",18506,1226,"Charlotte, NC","16000US3712000","charlotte-nc"
1,"Female",13,"Other Services Except Public Administration",2020,"2020",22254,2419,"Charlotte, NC","16000US3712000","charlotte-nc"
1,"Female",14,"Public Administration",2020,"2020",46811,4421,"Charlotte, NC","16000US3712000","charlotte-nc"
0,"Male",1,"Agriculture, Forestry, Fishing & Hunting, & Mining",2019,"2019",40952,10779,"Charlotte, NC","16000US3712000","charlotte-nc"
0,"Male",2,"Construction",2019,"2019",34442,2703,"Charlotte, NC","16000US3712000","charlotte-nc"
0,"Male",3,"Manufacturing",2019,"2019",49119,2940,"Charlotte, NC","16000US3712000","charlotte-nc"
0,"Male",4,"Wholesale Trade",2019,"2019",47207,5663,"Charlotte, NC","16000US3712000","charlotte-nc"
0,"Male",5,"Retail Trade",2019,"2019",30793,1020,"Charlotte, NC","16000US3712000","charlotte-nc"
0,"Male",6,"Transportation & Warehousing, & Utilities",2019,"2019",41886,2484,"Charlotte, NC","16000US3712000","charlotte-nc"
0,"Male",7,"Information",2019,"2019",57071,3124,"Charlotte, NC","16000US3712000","charlotte-nc"
0,"Male",8,"Finance & Insurance, & Real Estate & Rental & Leasing",2019,"2019",89688,3876,"Charlotte, NC","16000US3712000","charlotte-nc"
0,"Male",9,"Professional, Scientific, & Management, & Administrative & Waste Management Services",2019,"2019",61616,2611,"Charlotte, NC","16000US3712000","charlotte-nc"
0,"Male",10,"Educational Services, & Health Care & Social Assistance",2019,"2019",44077,1613,"Charlotte, NC","16000US3712000","charlotte-nc"
0,"Male",11,"Arts, Entertainment, & Recreation, & Accommodations & Food Services",2019,"2019",22836,1554,"Charlotte, NC","16000US3712000","charlotte-nc"
0,"Male",13,"Other Services Except Public Administration",2019,"2019",33307,3133,"Charlotte, NC","16000US3712000","charlotte-nc"
0,"Male",14,"Public Administration",2019,"2019",54524,1948,"Charlotte, NC","16000US3712000","charlotte-nc"
1,"Female",1,"Agriculture, Forestry, Fishing & Hunting, & Mining",2019,"2019",12059,11849,"Charlotte, NC","16000US3712000","charlotte-nc"
1,"Female",2,"Construction",2019,"2019",35555,3764,"Charlotte, NC","16000US3712000","charlotte-nc"
1,"Female",3,"Manufacturing",2019,"2019",38478,3056,"Charlotte, NC","16000US3712000","charlotte-nc"
1,"Female",4,"Wholesale Trade",2019,"2019",43238,1813,"Charlotte, NC","16000US3712000","charlotte-nc"
1,"Female",5,"Retail Trade",2019,"2019",21378,847,"Charlotte, NC","16000US3712000","charlotte-nc"
1,"Female",6,"Transportation & Warehousing, & Utilities",2019,"2019",38169,2630,"Charlotte, NC","16000US3712000","charlotte-nc"
1,"Female",7,"Information",2019,"2019",49255,3290,"Charlotte, NC","16000US3712000","charlotte-nc"
1,"Female",8,"Finance & Insurance, & Real Estate & Rental & Leasing",2019,"2019",56637,2913,"Charlotte, NC","16000US3712000","charlotte-nc"
1,"Female",9,"Professional, Scientific, & Management, & Administrative & Waste Management Services",2019,"2019",39299,1671,"Charlotte, NC","16000US3712000","charlotte-nc"
1,"Female",10,"Educational Services, & Health Care & Social Assistance",2019,"2019",36920,956,"Charlotte, NC","16000US3712000","charlotte-nc"
1,"Female",11,"Arts, Entertainment, & Recreation, & Accommodations & Food Services",2019,"2019",17416,833,"Charlotte, NC","16000US3712000","charlotte-nc"
1,"Female",13,"Other Services Except Public Administration",2019,"2019",21815,1819,"Charlotte, NC","16000US3712000","charlotte-nc"
1,"Female",14,"Public Administration",2019,"2019",46230,2749,"Charlotte, NC","16000US3712000","charlotte-nc"
0,"Male",1,"Agriculture, Forestry, Fishing & Hunting, & Mining",2018,"2018",32109,11503,"Charlotte, NC","16000US3712000","charlotte-nc"
0,"Male",2,"Construction",2018,"2018",32191,989,"Charlotte, NC","16000US3712000","charlotte-nc"
0,"Male",3,"Manufacturing",2018,"2018",48386,2611,"Charlotte, NC","16000US3712000","charlotte-nc"
0,"Male",4,"Wholesale Trade",2018,"2018",43847,3670,"Charlotte, NC","16000US3712000","charlotte-nc"
0,"Male",5,"Retail Trade",2018,"2018",30517,1081,"Charlotte, NC","16000US3712000","charlotte-nc"
0,"Male",6,"Transportation & Warehousing, & Utilities",2018,"2018",41440,2367,"Charlotte, NC","16000US3712000","charlotte-nc"
0,"Male",7,"Information",2018,"2018",56153,3309,"Charlotte, NC","16000US3712000","charlotte-nc"
0,"Male",8,"Finance & Insurance, & Real Estate & Rental & Leasing",2018,"2018",85945,5001,"Charlotte, NC","16000US3712000","charlotte-nc"
0,"Male",9,"Professional, Scientific, & Management, & Administrative & Waste Management Services",2018,"2018",58175,3153,"Charlotte, NC","16000US3712000","charlotte-nc"
0,"Male",10,"Educational Services, & Health Care & Social Assistance",2018,"2018",44223,2004,"Charlotte, NC","16000US3712000","charlotte-nc"
0,"Male",11,"Arts, Entertainment, & Recreation, & Accommodations & Food Services",2018,"2018",21293,966,"Charlotte, NC","16000US3712000","charlotte-nc"
0,"Male",13,"Other Services Except Public Administration",2018,"2018",32218,1913,"Charlotte, NC","16000US3712000","charlotte-nc"
0,"Male",14,"Public Administration",2018,"2018",53517,1790,"Charlotte, NC","16000US3712000","charlotte-nc"
1,"Female",1,"Agriculture, Forestry, Fishing & Hunting, & Mining",2018,"2018",15714,15477,"Charlotte, NC","16000US3712000","charlotte-nc"
1,"Female",2,"Construction",2018,"2018",35201,3843,"Charlotte, NC","16000US3712000","charlotte-nc"
1,"Female",3,"Manufacturing",2018,"2018",38005,2583,"Charlotte, NC","16000US3712000","charlotte-nc"
1,"Female",4,"Wholesale Trade",2018,"2018",40896,2005,"Charlotte, NC","16000US3712000","charlotte-nc"
1,"Female",5,"Retail Trade",2018,"2018",21242,723,"Charlotte, NC","16000US3712000","charlotte-nc"
1,"Female",6,"Transportation & Warehousing, & Utilities",2018,"2018",39522,3420,"Charlotte, NC","16000US3712000","charlotte-nc"
1,"Female",7,"Information",2018,"2018",49089,3622,"Charlotte, NC","16000US3712000","charlotte-nc"
1,"Female",8,"Finance & Insurance, & Real Estate & Rental & Leasing",2018,"2018",55009,2573,"Charlotte, NC","16000US3712000","charlotte-nc"
1,"Female",9,"Professional, Scientific, & Management, & Administrative & Waste Management Services",2018,"2018",36537,868,"Charlotte, NC","16000US3712000","charlotte-nc"
1,"Female",10,"Educational Services, & Health Care & Social Assistance",2018,"2018",35856,605,"Charlotte, NC","16000US3712000","charlotte-nc"
1,"Female",11,"Arts, Entertainment, & Recreation, & Accommodations & Food Services",2018,"2018",16729,716,"Charlotte, NC","16000US3712000","charlotte-nc"
1,"Female",13,"Other Services Except Public Administration",2018,"2018",20853,1051,"Charlotte, NC","16000US3712000","charlotte-nc"
1,"Female",14,"Public Administration",2018,"2018",44151,3595,"Charlotte, NC","16000US3712000","charlotte-nc"
0,"Male",1,"Agriculture, Forestry, Fishing & Hunting, & Mining",2017,"2017",50037,17889,"Charlotte, NC","16000US3712000","charlotte-nc"
0,"Male",2,"Construction",2017,"2017",30539,1072,"Charlotte, NC","16000US3712000","charlotte-nc"
0,"Male",3,"Manufacturing",2017,"2017",47472,3299,"Charlotte, NC","16000US3712000","charlotte-nc"
0,"Male",4,"Wholesale Trade",2017,"2017",45719,5025,"Charlotte, NC","16000US3712000","charlotte-nc"
0,"Male",5,"Retail Trade",2017,"2017",29276,2276,"Charlotte, NC","16000US3712000","charlotte-nc"
0,"Male",6,"Transportation & Warehousing, & Utilities",2017,"2017",41545,1599,"Charlotte, NC","16000US3712000","charlotte-nc"
0,"Male",7,"Information",2017,"2017",52551,2830,"Charlotte, NC","16000US3712000","charlotte-nc"
0,"Male",8,"Finance & Insurance, & Real Estate & Rental & Leasing",2017,"2017",84589,3692,"Charlotte, NC","16000US3712000","charlotte-nc"
0,"Male",9,"Professional, Scientific, & Management, & Administrative & Waste Management Services",2017,"2017",55807,2966,"Charlotte, NC","16000US3712000","charlotte-nc"
0,"Male",10,"Educational Services, & Health Care & Social Assistance",2017,"2017",42151,1591,"Charlotte, NC","16000US3712000","charlotte-nc"
0,"Male",11,"Arts, Entertainment, & Recreation, & Accommodations & Food Services",2017,"2017",21253,958,"Charlotte, NC","16000US3712000","charlotte-nc"
0,"Male",13,"Other Services Except Public Administration",2017,"2017",31184,1169,"Charlotte, NC","16000US3712000","charlotte-nc"
0,"Male",14,"Public Administration",2017,"2017",50355,2711,"Charlotte, NC","16000US3712000","charlotte-nc"
1,"Female",1,"Agriculture, Forestry, Fishing & Hunting, & Mining",2017,"2017",21250,37568,"Charlotte, NC","16000US3712000","charlotte-nc"
1,"Female",2,"Construction",2017,"2017",35576,1313,"Charlotte, NC","16000US3712000","charlotte-nc"
1,"Female",3,"Manufacturing",2017,"2017",37527,2831,"Charlotte, NC","16000US3712000","charlotte-nc"
1,"Female",4,"Wholesale Trade",2017,"2017",39094,4710,"Charlotte, NC","16000US3712000","charlotte-nc"
1,"Female",5,"Retail Trade",2017,"2017",20606,827,"Charlotte, NC","16000US3712000","charlotte-nc"
1,"Female",6,"Transportation & Warehousing, & Utilities",2017,"2017",36758,2366,"Charlotte, NC","16000US3712000","charlotte-nc"
1,"Female",7,"Information",2017,"2017",44082,4287,"Charlotte, NC","16000US3712000","charlotte-nc"
1,"Female",8,"Finance & Insurance, & Real Estate & Rental & Leasing",2017,"2017",52961,1675,"Charlotte, NC","16000US3712000","charlotte-nc"
1,"Female",9,"Professional, Scientific, & Management, & Administrative & Waste Management Services",2017,"2017",35409,1651,"Charlotte, NC","16000US3712000","charlotte-nc"
1,"Female",10,"Educational Services, & Health Care & Social Assistance",2017,"2017",35335,681,"Charlotte, NC","16000US3712000","charlotte-nc"
1,"Female",11,"Arts, Entertainment, & Recreation, & Accommodations & Food Services",2017,"2017",15641,831,"Charlotte, NC","16000US3712000","charlotte-nc"
1,"Female",13,"Other Services Except Public Administration",2017,"2017",19816,1329,"Charlotte, NC","16000US3712000","charlotte-nc"
1,"Female",14,"Public Administration",2017,"2017",44451,2275,"Charlotte, NC","16000US3712000","charlotte-nc"
0,"Male",1,"Agriculture, Forestry, Fishing & Hunting, & Mining",2016,"2016",42292,19221,"Charlotte, NC","16000US3712000","charlotte-nc"
0,"Male",2,"Construction",2016,"2016",28989,1789,"Charlotte, NC","16000US3712000","charlotte-nc"
0,"Male",3,"Manufacturing",2016,"2016",48275,3585,"Charlotte, NC","16000US3712000","charlotte-nc"
0,"Male",4,"Wholesale Trade",2016,"2016",42239,2211,"Charlotte, NC","16000US3712000","charlotte-nc"
0,"Male",5,"Retail Trade",2016,"2016",28501,2328,"Charlotte, NC","16000US3712000","charlotte-nc"
0,"Male",6,"Transportation & Warehousing, & Utilities",2016,"2016",41487,1538,"Charlotte, NC","16000US3712000","charlotte-nc"
0,"Male",7,"Information",2016,"2016",51894,3586,"Charlotte, NC","16000US3712000","charlotte-nc"
0,"Male",8,"Finance & Insurance, & Real Estate & Rental & Leasing",2016,"2016",81878,2147,"Charlotte, NC","16000US3712000","charlotte-nc"
0,"Male",9,"Professional, Scientific, & Management, & Administrative & Waste Management Services",2016,"2016",53892,3274,"Charlotte, NC","16000US3712000","charlotte-nc"
0,"Male",10,"Educational Services, & Health Care & Social Assistance",2016,"2016",40998,1337,"Charlotte, NC","16000US3712000","charlotte-nc"
0,"Male",11,"Arts, Entertainment, & Recreation, & Accommodations & Food Services",2016,"2016",20082,1172,"Charlotte, NC","16000US3712000","charlotte-nc"
0,"Male",13,"Other Services Except Public Administration",2016,"2016",30210,1662,"Charlotte, NC","16000US3712000","charlotte-nc"
0,"Male",14,"Public Administration",2016,"2016",48992,3508,"Charlotte, NC","16000US3712000","charlotte-nc"
1,"Female",1,"Agriculture, Forestry, Fishing & Hunting, & Mining",2016,"2016",14773,25131,"Charlotte, NC","16000US3712000","charlotte-nc"
1,"Female",2,"Construction",2016,"2016",35456,6265,"Charlotte, NC","16000US3712000","charlotte-nc"
1,"Female",3,"Manufacturing",2016,"2016",37068,2460,"Charlotte, NC","16000US3712000","charlotte-nc"
1,"Female",4,"Wholesale Trade",2016,"2016",38100,3831,"Charlotte, NC","16000US3712000","charlotte-nc"
1,"Female",5,"Retail Trade",2016,"2016",19720,1035,"Charlotte, NC","16000US3712000","charlotte-nc"
1,"Female",6,"Transportation & Warehousing, & Utilities",2016,"2016",36926,2209,"Charlotte, NC","16000US3712000","charlotte-nc"
1,"Female",7,"Information",2016,"2016",43995,3888,"Charlotte, NC","16000US3712000","charlotte-nc"
1,"Female",8,"Finance & Insurance, & Real Estate & Rental & Leasing",2016,"2016",50179,1530,"Charlotte, NC","16000US3712000","charlotte-nc"
1,"Female",9,"Professional, Scientific, & Management, & Administrative & Waste Management Services",2016,"2016",32606,2149,"Charlotte, NC","16000US3712000","charlotte-nc"
1,"Female",10,"Educational Services, & Health Care & Social Assistance",2016,"2016",33445,986,"Charlotte, NC","16000US3712000","charlotte-nc"
1,"Female",11,"Arts, Entertainment, & Recreation, & Accommodations & Food Services",2016,"2016",15476,616,"Charlotte, NC","16000US3712000","charlotte-nc"
1,"Female",13,"Other Services Except Public Administration",2016,"2016",19531,1170,"Charlotte, NC","16000US3712000","charlotte-nc"
1,"Female",14,"Public Administration",2016,"2016",45083,2585,"Charlotte, NC","16000US3712000","charlotte-nc"
0,"Male",1,"Agriculture, Forestry, Fishing & Hunting, & Mining",2015,"2015",42404,33536,"Charlotte, NC","16000US3712000","charlotte-nc"
0,"Male",2,"Construction",2015,"2015",26683,1092,"Charlotte, NC","16000US3712000","charlotte-nc"
0,"Male",3,"Manufacturing",2015,"2015",47507,3177,"Charlotte, NC","16000US3712000","charlotte-nc"
0,"Male",4,"Wholesale Trade",2015,"2015",44712,2477,"Charlotte, NC","16000US3712000","charlotte-nc"
0,"Male",5,"Retail Trade",2015,"2015",26765,1266,"Charlotte, NC","16000US3712000","charlotte-nc"
0,"Male",6,"Transportation & Warehousing, & Utilities",2015,"2015",41040,1523,"Charlotte, NC","16000US3712000","charlotte-nc"
0,"Male",7,"Information",2015,"2015",46921,5844,"Charlotte, NC","16000US3712000","charlotte-nc"
0,"Male",8,"Finance & Insurance, & Real Estate & Rental & Leasing",2015,"2015",80631,3181,"Charlotte, NC","16000US3712000","charlotte-nc"
0,"Male",9,"Professional, Scientific, & Management, & Administrative & Waste Management Services",2015,"2015",53893,2683,"Charlotte, NC","16000US3712000","charlotte-nc"
0,"Male",10,"Educational Services, & Health Care & Social Assistance",2015,"2015",39698,1741,"Charlotte, NC","16000US3712000","charlotte-nc"
0,"Male",11,"Arts, Entertainment, & Recreation, & Accommodations & Food Services",2015,"2015",19417,1100,"Charlotte, NC","16000US3712000","charlotte-nc"
0,"Male",13,"Other Services Except Public Administration",2015,"2015",29589,2265,"Charlotte, NC","16000US3712000","charlotte-nc"
0,"Male",14,"Public Administration",2015,"2015",49719,2690,"Charlotte, NC","16000US3712000","charlotte-nc"
1,"Female",1,"Agriculture, Forestry, Fishing & Hunting, & Mining",2015,"2015",13750,16525,"Charlotte, NC","16000US3712000","charlotte-nc"
1,"Female",2,"Construction",2015,"2015",28977,7001,"Charlotte, NC","16000US3712000","charlotte-nc"
1,"Female",3,"Manufacturing",2015,"2015",32297,2819,"Charlotte, NC","16000US3712000","charlotte-nc"
1,"Female",4,"Wholesale Trade",2015,"2015",38832,3058,"Charlotte, NC","16000US3712000","charlotte-nc"
1,"Female",5,"Retail Trade",2015,"2015",20102,967,"Charlotte, NC","16000US3712000","charlotte-nc"
1,"Female",6,"Transportation & Warehousing, & Utilities",2015,"2015",39002,4145,"Charlotte, NC","16000US3712000","charlotte-nc"
1,"Female",7,"Information",2015,"2015",43669,3789,"Charlotte, NC","16000US3712000","charlotte-nc"
1,"Female",8,"Finance & Insurance, & Real Estate & Rental & Leasing",2015,"2015",50211,2124,"Charlotte, NC","16000US3712000","charlotte-nc"
1,"Female",9,"Professional, Scientific, & Management, & Administrative & Waste Management Services",2015,"2015",31598,1450,"Charlotte, NC","16000US3712000","charlotte-nc"
1,"Female",10,"Educational Services, & Health Care & Social Assistance",2015,"2015",32528,1019,"Charlotte, NC","16000US3712000","charlotte-nc"
1,"Female",11,"Arts, Entertainment, & Recreation, & Accommodations & Food Services",2015,"2015",14463,956,"Charlotte, NC","16000US3712000","charlotte-nc"
1,"Female",13,"Other Services Except Public Administration",2015,"2015",19021,1320,"Charlotte, NC","16000US3712000","charlotte-nc"
1,"Female",14,"Public Administration",2015,"2015",45296,3489,"Charlotte, NC","16000US3712000","charlotte-nc"
0,"Male",1,"Agriculture, Forestry, Fishing & Hunting, & Mining",2014,"2014",49954,27272,"Charlotte, NC","16000US3712000","charlotte-nc"
0,"Male",2,"Construction",2014,"2014",25582,1028,"Charlotte, NC","16000US3712000","charlotte-nc"
0,"Male",3,"Manufacturing",2014,"2014",46670,2604,"Charlotte, NC","16000US3712000","charlotte-nc"
0,"Male",4,"Wholesale Trade",2014,"2014",44741,2693,"Charlotte, NC","16000US3712000","charlotte-nc"
0,"Male",5,"Retail Trade",2014,"2014",28510,2105,"Charlotte, NC","16000US3712000","charlotte-nc"
0,"Male",6,"Transportation & Warehousing, & Utilities",2014,"2014",41806,1641,"Charlotte, NC","16000US3712000","charlotte-nc"
0,"Male",7,"Information",2014,"2014",50045,8190,"Charlotte, NC","16000US3712000","charlotte-nc"
0,"Male",8,"Finance & Insurance, & Real Estate & Rental & Leasing",2014,"2014",78397,4672,"Charlotte, NC","16000US3712000","charlotte-nc"
0,"Male",9,"Professional, Scientific, & Management, & Administrative & Waste Management Services",2014,"2014",53135,2360,"Charlotte, NC","16000US3712000","charlotte-nc"
0,"Male",10,"Educational Services, & Health Care & Social Assistance",2014,"2014",40090,2099,"Charlotte, NC","16000US3712000","charlotte-nc"
0,"Male",11,"Arts, Entertainment, & Recreation, & Accommodations & Food Services",2014,"2014",18782,1450,"Charlotte, NC","16000US3712000","charlotte-nc"
0,"Male",13,"Other Services Except Public Administration",2014,"2014",29335,3271,"Charlotte, NC","16000US3712000","charlotte-nc"
0,"Male",14,"Public Administration",2014,"2014",48880,1926,"Charlotte, NC","16000US3712000","charlotte-nc"
1,"Female",1,"Agriculture, Forestry, Fishing & Hunting, & Mining",2014,"2014",14044,33344,"Charlotte, NC","16000US3712000","charlotte-nc"
1,"Female",2,"Construction",2014,"2014",33873,6430,"Charlotte, NC","16000US3712000","charlotte-nc"
1,"Female",3,"Manufacturing",2014,"2014",33722,2793,"Charlotte, NC","16000US3712000","charlotte-nc"
1,"Female",4,"Wholesale Trade",2014,"2014",37961,2839,"Charlotte, NC","16000US3712000","charlotte-nc"
1,"Female",5,"Retail Trade",2014,"2014",20511,1231,"Charlotte, NC","16000US3712000","charlotte-nc"
1,"Female",6,"Transportation & Warehousing, & Utilities",2014,"2014",39401,3088,"Charlotte, NC","16000US3712000","charlotte-nc"
1,"Female",7,"Information",2014,"2014",43992,4390,"Charlotte, NC","16000US3712000","charlotte-nc"
1,"Female",8,"Finance & Insurance, & Real Estate & Rental & Leasing",2014,"2014",49269,2283,"Charlotte, NC","16000US3712000","charlotte-nc"
1,"Female",9,"Professional, Scientific, & Management, & Administrative & Waste Management Services",2014,"2014",32869,2112,"Charlotte, NC","16000US3712000","charlotte-nc"
1,"Female",10,"Educational Services, & Health Care & Social Assistance",2014,"2014",32444,746,"Charlotte, NC","16000US3712000","charlotte-nc"
1,"Female",11,"Arts, Entertainment, & Recreation, & Accommodations & Food Services",2014,"2014",14460,963,"Charlotte, NC","16000US3712000","charlotte-nc"
1,"Female",13,"Other Services Except Public Administration",2014,"2014",20252,1814,"Charlotte, NC","16000US3712000","charlotte-nc"
1,"Female",14,"Public Administration",2014,"2014",46130,2657,"Charlotte, NC","16000US3712000","charlotte-nc"
0,"Male",1,"Agriculture, Forestry, Fishing & Hunting, & Mining",2013,"2013",36016,13413,"Charlotte, NC","16000US3712000","charlotte-nc"
0,"Male",2,"Construction",2013,"2013",25326,912,"Charlotte, NC","16000US3712000","charlotte-nc"
0,"Male",3,"Manufacturing",2013,"2013",47662,3022,"Charlotte, NC","16000US3712000","charlotte-nc"
0,"Male",4,"Wholesale Trade",2013,"2013",44887,2623,"Charlotte, NC","16000US3712000","charlotte-nc"
0,"Male",5,"Retail Trade",2013,"2013",27439,2287,"Charlotte, NC","16000US3712000","charlotte-nc"
0,"Male",6,"Transportation & Warehousing, & Utilities",2013,"2013",41548,1634,"Charlotte, NC","16000US3712000","charlotte-nc"
0,"Male",7,"Information",2013,"2013",52022,6914,"Charlotte, NC","16000US3712000","charlotte-nc"
0,"Male",8,"Finance & Insurance, & Real Estate & Rental & Leasing",2013,"2013",74945,3888,"Charlotte, NC","16000US3712000","charlotte-nc"
0,"Male",9,"Professional, Scientific, & Management, & Administrative & Waste Management Services",2013,"2013",52354,1931,"Charlotte, NC","16000US3712000","charlotte-nc"
0,"Male",10,"Educational Services, & Health Care & Social Assistance",2013,"2013",40694,1830,"Charlotte, NC","16000US3712000","charlotte-nc"
0,"Male",11,"Arts, Entertainment, & Recreation, & Accommodations & Food Services",2013,"2013",19459,1369,"Charlotte, NC","16000US3712000","charlotte-nc"
0,"Male",13,"Other Services Except Public Administration",2013,"2013",27458,2614,"Charlotte, NC","16000US3712000","charlotte-nc"
0,"Male",14,"Public Administration",2013,"2013",49190,1356,"Charlotte, NC","16000US3712000","charlotte-nc"
1,"Female",1,"Agriculture, Forestry, Fishing & Hunting, & Mining",2013,"2013",21875,21205,"Charlotte, NC","16000US3712000","charlotte-nc"
1,"Female",2,"Construction",2013,"2013",38726,8784,"Charlotte, NC","16000US3712000","charlotte-nc"
1,"Female",3,"Manufacturing",2013,"2013",31468,1895,"Charlotte, NC","16000US3712000","charlotte-nc"
1,"Female",4,"Wholesale Trade",2013,"2013",37291,2975,"Charlotte, NC","16000US3712000","charlotte-nc"
1,"Female",5,"Retail Trade",2013,"2013",20974,893,"Charlotte, NC","16000US3712000","charlotte-nc"
1,"Female",6,"Transportation & Warehousing, & Utilities",2013,"2013",38152,2925,"Charlotte, NC","16000US3712000","charlotte-nc"
1,"Female",7,"Information",2013,"2013",41417,4159,"Charlotte, NC","16000US3712000","charlotte-nc"
1,"Female",8,"Finance & Insurance, & Real Estate & Rental & Leasing",2013,"2013",46831,2271,"Charlotte, NC","16000US3712000","charlotte-nc"
1,"Female",9,"Professional, Scientific, & Management, & Administrative & Waste Management Services",2013,"2013",34306,1929,"Charlotte, NC","16000US3712000","charlotte-nc"
1,"Female",10,"Educational Services, & Health Care & Social Assistance",2013,"2013",32231,821,"Charlotte, NC","16000US3712000","charlotte-nc"
1,"Female",11,"Arts, Entertainment, & Recreation, & Accommodations & Food Services",2013,"2013",14210,1083,"Charlotte, NC","16000US3712000","charlotte-nc"
1,"Female",13,"Other Services Except Public Administration",2013,"2013",20131,1431,"Charlotte, NC","16000US3712000","charlotte-nc"
1,"Female",14,"Public Administration",2013,"2013",44880,4634,"Charlotte, NC","16000US3712000","charlotte-nc"