ID Group,Group,ID Subgroup,Subgroup,ID Occupation,Occupation,ID Year,Year,ID State,State,Workforce by Occupation and Gender,Workforce by Occupation and Gender Moe,ACS Occupation yg RCA,City,ID Geography,Slug Geography,Median Earnings,Median Earnings Moe,Workforce Prev,Workforce Growth,Median Earnings Prev,Median Earnings Growth,Share
0,"Management, Business, Science, & Arts Occupations",0,"Management, Business, & Financial Occupations",0,Management Occupations,2021,2021,04000US37,North Carolina,59192,2013.7060361433098,1.1716352121164684,Charlotte,16000US3712000,charlotte-nc,155509,8458,56933,3.967821825654717,148297,4.863213686048942,12.631399244574379
0,"Management, Business, Science, & Arts Occupations",0,"Management, Business, & Financial Occupations",1,Business & Financial Operations Occupations,2021,2021,04000US37,North Carolina,44011,2044.9376518612983,1.6618604274338478,Charlotte,16000US3712000,charlotte-nc,153171,7344,43732,0.6379767675843776,142977,7.129818082628675,9.391818356415783
0,"Management, Business, Science, & Arts Occupations",1,"Computer, Engineering, & Science Occupations",2,Computer & Mathematical Occupations,2021,2021,04000US37,North Carolina,24811,1260.8647825996252,1.5617730131325207,Charlotte,16000US3712000,charlotte-nc,166301,8399,24626,0.7512385283846341,157421,5.640924654271031,5.294594652269478
0,"Management, Business, Science, & Arts Occupations",1,"Computer, Engineering, & Science Occupations",3,Architecture & Engineering Occupations,2021,2021,04000US37,North Carolina,8792,943.0084835249363,0.9095566839209405,Charlotte,16000US3712000,charlotte-nc,159926,11507,8195,7.284929835265405,149415,7.034768932168792,1.876187021190329
0,"Management, Business, Science, & Arts Occupations",1,"Computer, Engineering, & Science Occupations",4,"Life, Physical, & Social Science Occupations",2021,2021,04000US37,North Carolina,2581,354.6336137480484,0.5280738556721416,Charlotte,16000US3712000,charlotte-nc,138970,24554,2431,6.170300287947347,122670,13.287682399934782,0.550777832
0,"Management, Business, Science, & Arts Occupations",2,"Education, Legal, Community Service, Arts, & Media Occupations",5,Community & Social Service Occupations,2021,2021,04000US37,North Carolina,8846,932.5368625421731,1.0566772253309447,Charlotte,16000US3712000,charlotte-nc,92674,7575,8377,5.598663006,90831,2.0290429478922394,1.8877104628582404
0,"Management, Business, Science, & Arts Occupations",2,"Education, Legal, Community Service, Arts, & Media Occupations",6,Legal Occupations,2021,2021,04000US37,North Carolina,7012,752.1123586273529,1.2799237370653902,Charlotte,16000US3712000,charlotte-nc,246865,29954,7072,-0.84841629,228868,7.863484628694269,1.4963402402850985
0,"Management, Business, Science, & Arts Occupations",2,"Education, Legal, Community Service, Arts, & Media Occupations",7,"Education Instruction, & Library Occupations",2021,2021,04000US37,North Carolina,24153,1452.3284752424295,0.835882426,Charlotte,16000US3712000,charlotte-nc,87158,4593,24564,-1.673180264,84363,3.3130637838863013,5.154179381575298
0,"Management, Business, Science, & Arts Occupations",2,"Education, Legal, Community Service, Arts, & Media Occupations",8,"Arts, Design, Entertainment, Sports, & Media Occupations",2021,2021,04000US37,North Carolina,10203,832.7694759055473,1.0643683031814934,Charlotte,16000US3712000,charlotte-nc,86227,8984,10141,0.6113795483680111,79032,9.103907278,2.1772902840314976
0,"Management, Business, Science, & Arts Occupations",3,Healthcare Practitioners & Technical Occupations,9,Health Diagnosing & Treating Practitioners & Other Technical Occupations,2021,2021,04000US37,North Carolina,14996,908.5482926074981,0.7550039406645663,Charlotte,16000US3712000,charlotte-nc,202219,31319,14564,2.966218071958253,200959,0.6269935658517409,3.2001024305926036
0,"Management, Business, Science, & Arts Occupations",3,Healthcare Practitioners & Technical Occupations,10,Health Technologists & Technicians,2021,2021,04000US37,North Carolina,6467,754.0092837624746,0.7036761827011784,Charlotte,16000US3712000,charlotte-nc,93946,19581,6488,-0.323674476,82622,13.705792646026483,1.3800388382663622
1,Service Occupations,4,Service Occupations,11,Healthcare Support Occupations,2021,2021,04000US37,North Carolina,10561,1024.2094512354395,0.687386407,Charlotte,16000US3712000,charlotte-nc,55023,9629,10718,-1.464825527,55091,-0.12343214,2.253686434348392
1,Service Occupations,4,Service Occupations,14,Food Preparation & Serving Related Occupations,2021,2021,04000US37,North Carolina,23828,1378.234377745672,0.945325226,Charlotte,16000US3712000,charlotte-nc,36531,2024,25576,-6.834532374,35984,1.5201200533570476,5.084825334499904
1,Service Occupations,4,Service Occupations,15,Building & Grounds Cleaning & Maintenance Occupations,2021,2021,04000US37,North Carolina,14886,1133.6886697854927,0.8842345132993126,Charlotte,16000US3712000,charlotte-nc,46828,3886,16113,-7.614969279,41739,12.19243393468938,3.1766287531209323
1,Service Occupations,4,Service Occupations,16,Personal Care & Service Occupations,2021,2021,04000US37,North Carolina,12207,1069.5031556755687,0.9892310823344551,Charlotte,16000US3712000,charlotte-nc,51348,6580,13129,-7.022621677,45547,12.736294377236701,2.604938008151768
1,Service Occupations,5,Protective Service Occupations,12,"Fire Fighting & Prevention, & Other Protective Service Workers Including Supervisors",2021,2021,04000US37,North Carolina,5129,747.8723153052264,0.9296298629742293,Charlotte,16000US3712000,charlotte-nc,72221,11441,4707,8.965370724452942,68496,5.438273767811259,1.0945135613836665
1,Service Occupations,5,Protective Service Occupations,13,Law Enforcement Workers Including Supervisors,2021,2021,04000US37,North Carolina,1949,392.6232290631822,0.4284010522021949,Charlotte,16000US3712000,charlotte-nc,113009,18622,1963,-0.713194091,98592,14.622890295358651,0.4159108853844348
2,Sales & Office Occupations,6,Sales & Office Occupations,17,Sales & Related Occupations,2021,2021,04000US37,North Carolina,52030,2175.082986922568,1.1364707522732445,Charlotte,16000US3712000,charlotte-nc,84672,5104,53229,-2.252531515,77924,8.659719726913401,11.103049444100638
2,Sales & Office Occupations,6,Sales & Office Occupations,18,Office & Administrative Support Occupations,2021,2021,04000US37,North Carolina,49456,2012.3662688486904,0.9513405516011627,Charlotte,16000US3712000,charlotte-nc,76091,2729,50846,-2.733745034,71306,6.710515244158977,10.553765391263523
3,"Natural Resources, Construction, & Maintenance Occupations",7,"Natural Resources, Construction, & Maintenance Occupations",19,"Farming, Fishing, & Forestry Occupations",2021,2021,04000US37,North Carolina,583,181.4304274370757,0.2009394654076576,Charlotte,16000US3712000,charlotte-nc,34435,32578,451,29.268292682926827,29057,18.508448910761608,0.12441049059985917
3,"Natural Resources, Construction, & Maintenance Occupations",7,"Natural Resources, Construction, & Maintenance Occupations",20,Construction & Extraction Occupations,2021,2021,04000US37,North Carolina,23084,1253.9098851193414,0.98070391,Charlotte,16000US3712000,charlotte-nc,62726,3551,21718,6.289713601620775,57441,9.200745112376177,4.926057915964234
3,"Natural Resources, Construction, & Maintenance Occupations",7,"Natural Resources, Construction, & Maintenance Occupations",21,"Installation, Maintenance, & Repair Occupations",2021,2021,04000US37,North Carolina,8820,870.481476,0.613498795,Charlotte,16000US3712000,charlotte-nc,84959,11583,9607,-8.191943375,77460,9.681125742318617,1.882162139092209
4,"Production, Transportation, & Material Moving Occupations",8,"Production, Transportation, & Material Moving Occupations",22,Production Occupations,2021,2021,04000US37,North Carolina,18632,1302.407386342691,0.7199368015501574,Charlotte,16000US3712000,charlotte-nc,63301,3204,18555,0.4149824845055241,58989,7.309837427316958,3.9760141695653104
4,"Production, Transportation, & Material Moving Occupations",8,"Production, Transportation, & Material Moving Occupations",23,Transportation Occupations,2021,2021,04000US37,North Carolina,16525,1229.5336514304925,0.9235526553169864,Charlotte,16000US3712000,charlotte-nc,69965,3347,17619,-6.209205971,67059,4.3334973679893825,3.526386547448838
0,"Management, Business, Science, & Arts Occupations",0,"Management, Business, & Financial Occupations",0,Management Occupations,2020,2020,04000US37,North Carolina,56933,1947.7220027509059,1.1519525630302878,Charlotte,16000US3712000,charlotte-nc,148297,8077,55831,1.9738138310257742,147267,0.6994099153238675,12.09950269902665
0,"Management, Business, Science, & Arts Occupations",0,"Management, Business, & Financial Occupations",1,Business & Financial Operations Occupations,2020,2020,04000US37,North Carolina,43732,1913.0250913148004,1.6829409532279673,Charlotte,16000US3712000,charlotte-nc,142977,6101,41223,6.0864080731630406,138418,3.293646780043058,9.294002635270115
0,"Management, Business, Science, & Arts Occupations",1,"Computer, Engineering, & Science Occupations",2,Computer & Mathematical Occupations,2020,2020,04000US37,North Carolina,24626,1412.805719127722,1.6082828611570903,Charlotte,16000US3712000,charlotte-nc,157421,7538,23130,6.467790747946391,157013,0.25985109513225024,5.233561440047605
0,"Management, Business, Science, & Arts Occupations",1,"Computer, Engineering, & Science Occupations",3,Architecture & Engineering Occupations,2020,2020,04000US37,North Carolina,8195,836.8159893309878,0.8790327041503279,Charlotte,16000US3712000,charlotte-nc,149415,13495,7911,3.589938060927822,138491,7.887877190575561,1.7416160156416032
0,"Management, Business, Science, & Arts Occupations",1,"Computer, Engineering, & Science Occupations",4,"Life, Physical, & Social Science Occupations",2020,2020,04000US37,North Carolina,2431,351.80818637433663,0.5198947130231631,Charlotte,16000US3712000,charlotte-nc,122670,23247,2430,0.041152263,136150,-9.900844657,0.5166404556467038
0,"Management, Business, Science, & Arts Occupations",2,"Education, Legal, Community Service, Arts, & Media Occupations",5,Community & Social Service Occupations,2020,2020,04000US37,North Carolina,8377,843.0480413357237,1.0026107430881237,Charlotte,16000US3712000,charlotte-nc,90831,6371,7111,17.80340317817466,86127,5.461701905325856,1.780294980235474
0,"Management, Business, Science, & Arts Occupations",2,"Education, Legal, Community Service, Arts, & Media Occupations",6,Legal Occupations,2020,2020,04000US37,North Carolina,7072,780.3287769,1.3165193674721072,Charlotte,16000US3712000,charlotte-nc,228868,39581,5908,19.702098849018277,201471,13.598483156384788,1.502954052790411
0,"Management, Business, Science, & Arts Occupations",2,"Education, Legal, Community Service, Arts, & Media Occupations",7,"Education Instruction, & Library Occupations",2020,2020,04000US37,North Carolina,24564,1450.440277984585,0.8520531786442264,Charlotte,16000US3712000,charlotte-nc,84363,3797,23578,4.181864449910934,81187,3.9119563476911328,5.220385089
0,"Management, Business, Science, & Arts Occupations",2,"Education, Legal, Community Service, Arts, & Media Occupations",8,"Arts, Design, Entertainment, Sports, & Media Occupations",2020,2020,04000US37,North Carolina,10141,1057.6979720128047,1.0549634055093566,Charlotte,16000US3712000,charlotte-nc,79032,5498,10052,0.8853959411062475,86939,-9.094882619,2.155183406299146
0,"Management, Business, Science, & Arts Occupations",3,Healthcare Practitioners & Technical Occupations,9,Health Diagnosing & Treating Practitioners & Other Technical Occupations,2020,2020,04000US37,North Carolina,14564,828.3236082594773,0.7430212433011645,Charlotte,16000US3712000,charlotte-nc,200959,31460,15205,-4.215718514,189138,6.249933910689549,3.095167254643601
0,"Management, Business, Science, & Arts Occupations",3,Healthcare Practitioners & Technical Occupations,10,Health Technologists & Technicians,2020,2020,04000US37,North Carolina,6488,823.8306864884313,0.7032557073131148,Charlotte,16000US3712000,charlotte-nc,82622,19945,5516,17.621464829586657,86126,-4.068457841,1.3788413312364518
1,Service Occupations,4,Service Occupations,11,Healthcare Support Occupations,2020,2020,04000US37,North Carolina,10718,1263.370887744371,0.6956095629830719,Charlotte,16000US3712000,charlotte-nc,55091,9886,10753,-0.325490561,50778,8.493835913190752,2.277808475368725
1,Service Occupations,4,Service Occupations,14,Food Preparation & Serving Related Occupations,2020,2020,04000US37,North Carolina,25576,1423.2023749277541,0.9782558737969305,Charlotte,16000US3712000,charlotte-nc,35984,2085,26935,-5.045479859,35471,1.4462518677229286,5.435457134356271
1,Service Occupations,4,Service Occupations,15,Building & Grounds Cleaning & Maintenance Occupations,2020,2020,04000US37,North Carolina,16113,1156.0834744948136,0.9310895242449064,Charlotte,16000US3712000,charlotte-nc,41739,3818,16330,-1.328842621,38476,8.480611290154902,3.4243634972584687
1,Service Occupations,4,Service Occupations,16,Personal Care & Service Occupations,2020,2020,04000US37,North Carolina,13129,1017.8629573768759,1.0206767607000808,Charlotte,16000US3712000,charlotte-nc,45547,6414,12747,2.9967835569153523,43476,4.763547704480633,2.790198495345773
1,Service Occupations,5,Protective Service Occupations,12,"Fire Fighting & Prevention, & Other Protective Service Workers Including Supervisors",2020,2020,04000US37,North Carolina,4707,719.1807839479584,0.8532946564238024,Charlotte,16000US3712000,charlotte-nc,68496,14435,4477,5.137368774,62399,9.770989919710251,1.0003400348535725
1,Service Occupations,5,Protective Service Occupations,13,Law Enforcement Workers Including Supervisors,2020,2020,04000US37,North Carolina,1963,364.2444234302016,0.4315282182888739,Charlotte,16000US3712000,charlotte-nc,98592,9377,1982,-0.958627649,99462,-0.874705918,0.4171802609767501
2,Sales & Office Occupations,6,Sales & Office Occupations,17,Sales & Related Occupations,2020,2020,04000US37,North Carolina,53229,2105.7810902370643,1.130804945882627,Charlotte,16000US3712000,charlotte-nc,77924,4622,52853,0.7114071102870225,77461,0.5977201430397232,11.312322013006334
2,Sales & Office Occupations,6,Sales & Office Occupations,18,Office & Administrative Support Occupations,2020,2020,04000US37,North Carolina,50846,1870.0163100892999,0.9542340842176866,Charlotte,16000US3712000,charlotte-nc,71306,2500,49250,3.2406091370558374,69984,1.8890032007315958,10.805882602966804
3,"Natural Resources, Construction, & Maintenance Occupations",7,"Natural Resources, Construction, & Maintenance Occupations",19,"Farming, Fishing, & Forestry Occupations",2020,2020,04000US37,North Carolina,451,168.30923919975396,0.14922455807788787,Charlotte,16000US3712000,charlotte-nc,29057,12624,492,-8.333333333,36317,-19.99063799,0.095847324
3,"Natural Resources, Construction, & Maintenance Occupations",7,"Natural Resources, Construction, & Maintenance Occupations",20,Construction & Extraction Occupations,2020,2020,04000US37,North Carolina,21718,1128.9375536317323,0.9178823244780128,Charlotte,16000US3712000,charlotte-nc,57441,2542,22664,-4.174020473,57119,0.5637353595125966,4.615548093679602
3,"Natural Resources, Construction, & Maintenance Occupations",7,"Natural Resources, Construction, & Maintenance Occupations",21,"Installation, Maintenance, & Repair Occupations",2020,2020,04000US37,North Carolina,9607,1081.2927448198293,0.6658091804240981,Charlotte,16000US3712000,charlotte-nc,77460,11309,9857,-2.536268642,77722,-0.337098891,2.041696773919327
4,"Production, Transportation, & Material Moving Occupations",8,"Production, Transportation, & Material Moving Occupations",22,Production Occupations,2020,2020,04000US37,North Carolina,18555,1199.5332425572874,0.706354505,Charlotte,16000US3712000,charlotte-nc,58989,4835,18356,1.084114186097189,56916,3.642209572000844,3.943341692523484
4,"Production, Transportation, & Material Moving Occupations",8,"Production, Transportation, & Material Moving Occupations",23,Transportation Occupations,2020,2020,04000US37,North Carolina,17619,1511.2511373031289,0.9838004927539927,Charlotte,16000US3712000,charlotte-nc,67059,4593,16951,3.940770456020294,63258,6.0087261690221005,3.744421303183576
0,"Management, Business, Science, & Arts Occupations",0,"Management, Business, & Financial Occupations",0,Management Occupations,2019,2019,04000US37,North Carolina,55831,1639.261114038883,1.1890974999509996,Charlotte,16000US3712000,charlotte-nc,147267,6184,52150,7.058485139022051,147258,0.006111722,12.141766668261472
0,"Management, Business, Science, & Arts Occupations",0,"Management, Business, & Financial Occupations",1,Business & Financial Operations Occupations,2019,2019,04000US37,North Carolina,41223,1601.2726188878644,1.6731579321729877,Charlotte,16000US3712000,charlotte-nc,138418,5426,39735,3.7448093620234055,136006,1.7734511712718555,8.964912814847354
0,"Management, Business, Science, & Arts Occupations",1,"Computer, Engineering, & Science Occupations",2,Computer & Mathematical Occupations,2019,2019,04000US37,North Carolina,23130,1021.5214143619311,1.6088209023090514,Charlotte,16000US3712000,charlotte-nc,157013,5656,20874,10.807703363035355,155889,0.7210258581426529,5.030163583616411
0,"Management, Business, Science, & Arts Occupations",1,"Computer, Engineering, & Science Occupations",3,Architecture & Engineering Occupations,2019,2019,04000US37,North Carolina,7911,599.4005338669629,0.9040897965524368,Charlotte,16000US3712000,charlotte-nc,138491,12227,7460,6.045576407506703,145440,-4.777915292,1.7204333813225003
0,"Management, Business, Science, & Arts Occupations",1,"Computer, Engineering, & Science Occupations",4,"Life, Physical, & Social Science Occupations",2019,2019,04000US37,North Carolina,2430,322.44069222106566,0.5526511731801939,Charlotte,16000US3712000,charlotte-nc,136150,20265,2542,-4.405979544,122651,11.00602522604789,0.5284607655939421
0,"Management, Business, Science, & Arts Occupations",2,"Education, Legal, Community Service, Arts, & Media Occupations",5,Community & Social Service Occupations,2019,2019,04000US37,North Carolina,7111,582.6087881245871,0.884063245,Charlotte,16000US3712000,charlotte-nc,86127,5874,7598,-6.409581469,85347,0.9139161306197053,1.5464545284520668
0,"Management, Business, Science, & Arts Occupations",2,"Education, Legal, Community Service, Arts, & Media Occupations",6,Legal Occupations,2019,2019,04000US37,North Carolina,5908,469.4645887,1.1584099158548455,Charlotte,16000US3712000,charlotte-nc,201471,50618,5954,-0.772589856,212857,-5.349131107,1.284833828448152
0,"Management, Business, Science, & Arts Occupations",2,"Education, Legal, Community Service, Arts, & Media Occupations",7,"Education Instruction, & Library Occupations",2019,2019,04000US37,North Carolina,23578,1235.8616427416137,0.8461743510211858,Charlotte,16000US3712000,charlotte-nc,81187,4560,23233,1.4849567425644556,80261,1.1537359365071453,5.127591741223854
0,"Management, Business, Science, & Arts Occupations",2,"Education, Legal, Community Service, Arts, & Media Occupations",8,"Arts, Design, Entertainment, Sports, & Media Occupations",2019,2019,04000US37,North Carolina,10052,685.0525527286209,1.0810074842007509,Charlotte,16000US3712000,charlotte-nc,86939,7231,9908,1.4533710133225677,87357,-0.478496285,2.186044286316998
0,"Management, Business, Science, & Arts Occupations",3,Healthcare Practitioners & Technical Occupations,9,Health Diagnosing & Treating Practitioners & Other Technical Occupations,2019,2019,04000US37,North Carolina,15205,887.8721754847371,0.8106692775185443,Charlotte,16000US3712000,charlotte-nc,189138,26957,14528,4.659966960352422,189475,-0.177859876,3.3066855723686785
0,"Management, Business, Science, & Arts Occupations",3,Healthcare Practitioners & Technical Occupations,10,Health Technologists & Technicians,2019,2019,04000US37,North Carolina,5516,581.7258805,0.6160408586968451,Charlotte,16000US3712000,charlotte-nc,86126,13477,5360,2.9104477611940296,81930,5.121445136091786,1.1995841905416396
1,Service Occupations,4,Service Occupations,11,Healthcare Support Occupations,2019,2019,04000US37,North Carolina,10753,855.1643116968809,0.7158594860942409,Charlotte,16000US3712000,charlotte-nc,50778,8136,10446,2.938923990044036,48889,3.863854855,2.338493256144716
1,Service Occupations,4,Service Occupations,14,Food Preparation & Serving Related Occupations,2019,2019,04000US37,North Carolina,26935,1397.6551792198245,1.022046405,Charlotte,16000US3712000,charlotte-nc,35471,2468,27327,-1.434478721,33279,6.586736380299889,5.857650502581412
1,Service Occupations,4,Service Occupations,15,Building & Grounds Cleaning & Maintenance Occupations,2019,2019,04000US37,North Carolina,16330,1017.6919966276632,0.9317243724016288,Charlotte,16000US3712000,charlotte-nc,38476,2439,16186,0.8896577289015198,36769,4.642497756262069,3.5513433342177256
1,Service Occupations,4,Service Occupations,16,Personal Care & Service Occupations,2019,2019,04000US37,North Carolina,12747,1030.1927004206543,0.9858164881573329,Charlotte,16000US3712000,charlotte-nc,43476,5192,11901,7.108646332240988,41651,4.381647499459797,2.772135546924271
1,Service Occupations,5,Protective Service Occupations,12,"Fire Fighting & Prevention, & Other Protective Service Workers Including Supervisors",2019,2019,04000US37,North Carolina,4477,496.9597569220268,0.8298418675774101,Charlotte,16000US3712000,charlotte-nc,62399,7720,4467,0.2238638907544213,60536,3.0775075987841944,0.973629155
1,Service Occupations,5,Protective Service Occupations,13,Law Enforcement Workers Including Supervisors,2019,2019,04000US37,North Carolina,1982,382.9621391208275,0.4497529320106525,Charlotte,16000US3712000,charlotte-nc,99462,6151,1938,2.2703818369453046,96224,3.3650648486863983,0.4310326079864993
2,Sales & Office Occupations,6,Sales & Office Occupations,17,Sales & Related Occupations,2019,2019,04000US37,North Carolina,52853,1730.3956195043954,1.1252027367755435,Charlotte,16000US3712000,charlotte-nc,77461,3487,51660,2.3093302361595045,75831,2.149516688425578,11.494130388451284
2,Sales & Office Occupations,6,Sales & Office Occupations,18,Office & Administrative Support Occupations,2019,2019,04000US37,North Carolina,49250,1546.5267537291427,0.9383420529106143,Charlotte,16000US3712000,charlotte-nc,69984,2426,48106,2.3780817361659667,68292,2.477596204533474,10.710573129836067
3,"Natural Resources, Construction, & Maintenance Occupations",7,"Natural Resources, Construction, & Maintenance Occupations",19,"Farming, Fishing, & Forestry Occupations",2019,2019,04000US37,North Carolina,492,197.61831898890347,0.1582227678224965,Charlotte,16000US3712000,charlotte-nc,36317,12699,453,8.609271523178808,36067,0.6931544070757202,0.10699699451531668
3,"Natural Resources, Construction, & Maintenance Occupations",7,"Natural Resources, Construction, & Maintenance Occupations",20,Construction & Extraction Occupations,2019,2019,04000US37,North Carolina,22664,1268.5633606564554,0.9670560260533276,Charlotte,16000US3712000,charlotte-nc,57119,2305,21612,4.867666111419582,55387,3.127087583729034,4.9288209018193845
3,"Natural Resources, Construction, & Maintenance Occupations",7,"Natural Resources, Construction, & Maintenance Occupations",21,"Installation, Maintenance, & Repair Occupations",2019,2019,04000US37,North Carolina,9857,709.4822055555728,0.6951604658460062,Charlotte,16000US3712000,charlotte-nc,77722,12616,9607,2.6022691787238474,73274,6.070366023418948,2.143636941
4,"Production, Transportation, & Material Moving Occupations",8,"Production, Transportation, & Material Moving Occupations",22,Production Occupations,2019,2019,04000US37,North Carolina,18356,1020.6845741951819,0.6975110428799919,Charlotte,16000US3712000,charlotte-nc,56916,5057,18344,0.065416485,54871,3.7269231470175503,3.991944779112099
4,"Production, Transportation, & Material Moving Occupations",8,"Production, Transportation, & Material Moving Occupations",23,Transportation Occupations,2019,2019,04000US37,North Carolina,16951,1038.6462342876905,0.9707449130218934,Charlotte,16000US3712000,charlotte-nc,63258,5270,15980,6.076345431789737,62872,0.613945795,3.686394419
0,"Management, Business, Science, & Arts Occupations",0,"Management, Business, & Financial Occupations",0,Management Occupations,2018,2018,04000US37,North Carolina,52150,1453.3771017874199,1.1723765760819649,Charlotte,16000US3712000,charlotte-nc,147258,6550,51652,0.96414466,148700,-0.969737727,11.716020731627864
0,"Management, Business, Science, & Arts Occupations",0,"Management, Business, & Financial Occupations",1,Business & Financial Operations Occupations,2018,2018,04000US37,North Carolina,39735,1298.1236458827793,1.6793486675900655,Charlotte,16000US3712000,charlotte-nc,136006,3675,35073,13.292276109828071,130896,3.9038626084830703,8.926866419390857
0,"Management, Business, Science, & Arts Occupations",1,"Computer, Engineering, & Science Occupations",2,Computer & Mathematical Occupations,2018,2018,04000US37,North Carolina,20874,935.7269900991421,1.5457563730020543,Charlotte,16000US3712000,charlotte-nc,155889,6523,19876,5.021131012276111,149532,4.251263943503732,4.689553533116012
0,"Management, Business, Science, & Arts Occupations",1,"Computer, Engineering, & Science Occupations",3,Architecture & Engineering Occupations,2018,2018,04000US37,North Carolina,7460,582.3478342022061,0.9070746107684304,Charlotte,16000US3712000,charlotte-nc,145440,14788,7505,-0.599600266,132265,9.961063017427135,1.6759638477074568
0,"Management, Business, Science, & Arts Occupations",1,"Computer, Engineering, & Science Occupations",4,"Life, Physical, & Social Science Occupations",2018,2018,04000US37,North Carolina,2542,319.3759540103168,0.6159130673441409,Charlotte,16000US3712000,charlotte-nc,122651,18774,2247,13.12861593235425,113553,8.012117689537044,0.5710858044064818
0,"Management, Business, Science, & Arts Occupations",2,"Education, Legal, Community Service, Arts, & Media Occupations",5,Community & Social Service Occupations,2018,2018,04000US37,North Carolina,7598,738.5885187301519,0.9872225870165838,Charlotte,16000US3712000,charlotte-nc,85347,7613,7621,-0.301797664,81900,4.208791208791209,1.7069669322897125
0,"Management, Business, Science, & Arts Occupations",2,"Education, Legal, Community Service, Arts, & Media Occupations",6,Legal Occupations,2018,2018,04000US37,North Carolina,5954,460.99132312875474,1.212405136423035,Charlotte,16000US3712000,charlotte-nc,212857,59346,5769,3.2067949384642054,185609,14.680322613666362,1.3376258377010988
0,"Management, Business, Science, & Arts Occupations",2,"Education, Legal, Community Service, Arts, & Media Occupations",7,"Education Instruction, & Library Occupations",2018,2018,04000US37,North Carolina,23233,1122.1466036129148,0.8660278230914272,Charlotte,16000US3712000,charlotte-nc,80261,3118,23391,-0.675473473,77424,3.6642384790245917,5.219526551446024
0,"Management, Business, Science, & Arts Occupations",2,"Education, Legal, Community Service, Arts, & Media Occupations",8,"Arts, Design, Entertainment, Sports, & Media Occupations",2018,2018,04000US37,North Carolina,9908,767.1746868,1.1117177886058722,Charlotte,16000US3712000,charlotte-nc,87357,8214,9532,3.9446076374318086,80308,8.777456791,2.225931608992692
0,"Management, Business, Science, & Arts Occupations",3,Healthcare Practitioners & Technical Occupations,9,Health Diagnosing & Treating Practitioners & Other Technical Occupations,2018,2018,04000US37,North Carolina,14528,821.5412345098692,0.8125287690096923,Charlotte,16000US3712000,charlotte-nc,189475,28168,14336,1.3392857142857142,182289,3.9420919528879965,3.263860962
0,"Management, Business, Science, & Arts Occupations",3,Healthcare Practitioners & Technical Occupations,10,Health Technologists & Technicians,2018,2018,04000US37,North Carolina,5360,530.4950518,0.6202736916776602,Charlotte,16000US3712000,charlotte-nc,81930,11638,5212,2.839600921,75783,8.111317841732314,1.2041777779774756
1,Service Occupations,4,Service Occupations,11,Healthcare Support Occupations,2018,2018,04000US37,North Carolina,10446,898.4430978086482,0.7216579929874912,Charlotte,16000US3712000,charlotte-nc,48889,5634,8431,23.89989325109714,48654,0.4830024252887738,2.346798706856849
1,Service Occupations,4,Service Occupations,14,Food Preparation & Serving Related Occupations,2018,2018,04000US37,North Carolina,27327,1450.316517178233,1.0643916807983247,Charlotte,16000US3712000,charlotte-nc,33279,2325,27997,-2.393113548,31678,5.053980680598523,6.139284727386283
1,Service Occupations,4,Service Occupations,15,Building & Grounds Cleaning & Maintenance Occupations,2018,2018,04000US37,North Carolina,16186,1022.8822024065136,0.9385510386834149,Charlotte,16000US3712000,charlotte-nc,36769,1638,15392,5.158523908523908,34943,5.225653206650831,3.6363472974521303
1,Service Occupations,4,Service Occupations,16,Personal Care & Service Occupations,2018,2018,04000US37,North Carolina,11901,796.9366348713052,0.9476743652211654,Charlotte,16000US3712000,charlotte-nc,41651,6444,13470,-11.6481069,38519,8.131052208001247,2.6736790551697642
1,Service Occupations,5,Protective Service Occupations,12,"Fire Fighting & Prevention, & Other Protective Service Workers Including Supervisors",2018,2018,04000US37,North Carolina,4467,477.2054065075122,0.8561057649449287,Charlotte,16000US3712000,charlotte-nc,60536,8869,4109,8.712582136772937,52562,15.170655606712074,1.0035563683256312
1,Service Occupations,5,Protective Service Occupations,13,Law Enforcement Workers Including Supervisors,2018,2018,04000US37,North Carolina,1938,325.7115288103877,0.44980495086604083,Charlotte,16000US3712000,charlotte-nc,96224,8304,1820,6.4835164835164845,93716,2.676170557855649,0.43539114435081117
2,Sales & Office Occupations,6,Sales & Office Occupations,17,Sales & Related Occupations,2018,2018,04000US37,North Carolina,51660,1655.8626150740888,1.1152848590763984,Charlotte,16000US3712000,charlotte-nc,75831,3840,50804,1.684906700259822,72037,5.266737926343406,11.605937315357535
2,Sales & Office Occupations,6,Sales & Office Occupations,18,Office & Administrative Support Occupations,2018,2018,04000US37,North Carolina,48106,1622.586207262961,0.9264888300140572,Charlotte,16000US3712000,charlotte-nc,68292,2194,52691,-8.701675808,61909,10.310294141401089,10.807495557347844
3,"Natural Resources, Construction, & Maintenance Occupations",7,"Natural Resources, Construction, & Maintenance Occupations",19,"Farming, Fishing, & Forestry Occupations",2018,2018,04000US37,North Carolina,453,169.99999999999997,0.14548213751336653,Charlotte,16000US3712000,charlotte-nc,36067,10496,322,40.683229813664596,27691,30.248095048932868,0.10177099504175306
3,"Natural Resources, Construction, & Maintenance Occupations",7,"Natural Resources, Construction, & Maintenance Occupations",20,Construction & Extraction Occupations,2018,2018,04000US37,North Carolina,21612,1049.7147231510091,0.9555306865107035,Charlotte,16000US3712000,charlotte-nc,55387,2538,20655,4.633260711692085,50772,9.089655715748838,4.855352638
3,"Natural Resources, Construction, & Maintenance Occupations",7,"Natural Resources, Construction, & Maintenance Occupations",21,"Installation, Maintenance, & Repair Occupations",2018,2018,04000US37,North Carolina,9607,815.1766679683612,0.6978406578382573,Charlotte,16000US3712000,charlotte-nc,73274,14293,9140,5.109409190371991,68792,6.515292475869288,2.1583089389980614
4,"Production, Transportation, & Material Moving Occupations",8,"Production, Transportation, & Material Moving Occupations",22,Production Occupations,2018,2018,04000US37,North Carolina,18344,934.0883255881105,0.710293398,Charlotte,16000US3712000,charlotte-nc,54871,3478,16940,8.288075560802834,52059,5.401563610518834,4.121163649107987
4,"Production, Transportation, & Material Moving Occupations",8,"Production, Transportation, & Material Moving Occupations",23,Transportation Occupations,2018,2018,04000US37,North Carolina,15980,883.6945173531406,0.9611715862805112,Charlotte,16000US3712000,charlotte-nc,62872,6099,14386,11.08021687751981,57002,10.297884284761938,3.5900673306119515
0,"Management, Business, Science, & Arts Occupations",0,"Management, Business, & Financial Occupations",0,Management Occupations,2017,2017,04000US37,North Carolina,51652,1505.9907038225701,1.1712972515338285,Charlotte,16000US3712000,charlotte-nc,148700,7303,48442,6.626481152718715,148270,0.290011466,11.989035041907773
0,"Management, Business, Science, & Arts Occupations",0,"Management, Business, & Financial Occupations",1,Business & Financial Operations Occupations,2017,2017,04000US37,North Carolina,35073,1304.8961644514095,1.672498899739593,Charlotte,16000US3712000,charlotte-nc,130896,4599,33670,4.166914166914167,126536,3.445659733198457,8.140854681809635
0,"Management, Business, Science, & Arts Occupations",1,"Computer, Engineering, & Science Occupations",2,Computer & Mathematical Occupations,2017,2017,04000US37,North Carolina,19876,1032.2039527147724,1.6018811039498777,Charlotte,16000US3712000,charlotte-nc,149532,7697,18534,7.240746735728932,146294,2.213351196904863,4.613452731606886
0,"Management, Business, Science, & Arts Occupations",1,"Computer, Engineering, & Science Occupations",3,Architecture & Engineering Occupations,2017,2017,04000US37,North Carolina,7505,576.3783479625167,0.947534593,Charlotte,16000US3712000,charlotte-nc,132265,12509,7446,0.7923717432178351,125111,5.718122307391036,1.7419985284116362
0,"Management, Business, Science, & Arts Occupations",1,"Computer, Engineering, & Science Occupations",4,"Life, Physical, & Social Science Occupations",2017,2017,04000US37,North Carolina,2247,309.4285054742048,0.5943987726664575,Charlotte,16000US3712000,charlotte-nc,113553,14592,2082,7.925072046,108179,4.967692436,0.5215550557416319
0,"Management, Business, Science, & Arts Occupations",2,"Education, Legal, Community Service, Arts, & Media Occupations",5,Community & Social Service Occupations,2017,2017,04000US37,North Carolina,7621,616.9246307289084,1.0357168976589455,Charlotte,16000US3712000,charlotte-nc,81900,7869,7392,3.097943722943723,81204,0.857100635,1.7689234890106702
0,"Management, Business, Science, & Arts Occupations",2,"Education, Legal, Community Service, Arts, & Media Occupations",6,Legal Occupations,2017,2017,04000US37,North Carolina,5769,508.6698339787804,1.181497267035423,Charlotte,16000US3712000,charlotte-nc,185609,50508,5595,3.1099195710455763,178799,3.8087461339269235,1.339052566343335
0,"Management, Business, Science, & Arts Occupations",2,"Education, Legal, Community Service, Arts, & Media Occupations",7,"Education Instruction, & Library Occupations",2017,2017,04000US37,North Carolina,23391,1163.1551917091717,0.8985287204952146,Charlotte,16000US3712000,charlotte-nc,77424,2536,21851,7.047732369227953,74738,3.593887982,5.429325460103476
0,"Management, Business, Science, & Arts Occupations",2,"Education, Legal, Community Service, Arts, & Media Occupations",8,"Arts, Design, Entertainment, Sports, & Media Occupations",2017,2017,04000US37,North Carolina,9532,614.4761997018273,1.1190994665786576,Charlotte,16000US3712000,charlotte-nc,80308,7668,8783,8.527837868609813,76782,4.592222135396317,2.2124890037068243
0,"Management, Business, Science, & Arts Occupations",3,Healthcare Practitioners & Technical Occupations,9,Health Diagnosing & Treating Practitioners & Other Technical Occupations,2017,2017,04000US37,North Carolina,14336,806.0620323523494,0.8332537698673896,Charlotte,16000US3712000,charlotte-nc,182289,25450,14265,0.4977216964598668,169682,7.429780412772128,3.327553751273713
0,"Management, Business, Science, & Arts Occupations",3,Healthcare Practitioners & Technical Occupations,10,Health Technologists & Technicians,2017,2017,04000US37,North Carolina,5212,508.27256467371916,0.6395984122653262,Charlotte,16000US3712000,charlotte-nc,75783,8890,4820,8.132780082987551,71835,5.495928168719983,1.2097663331221116
1,Service Occupations,4,Service Occupations,11,Healthcare Support Occupations,2017,2017,04000US37,North Carolina,8431,854.9157853262507,0.8188354220079788,Charlotte,16000US3712000,charlotte-nc,48654,4926,8554,-1.437923778,48229,0.8812125484666901,1.9569339897453037
1,Service Occupations,4,Service Occupations,14,Food Preparation & Serving Related Occupations,2017,2017,04000US37,North Carolina,27997,1395.6561181035963,1.1209526197875317,Charlotte,16000US3712000,charlotte-nc,31678,2896,27057,3.4741471707875964,30221,4.821150855365474,6.498432085268564
1,Service Occupations,4,Service Occupations,15,Building & Grounds Cleaning & Maintenance Occupations,2017,2017,04000US37,North Carolina,15392,910.7809835520283,0.9151927590197173,Charlotte,16000US3712000,charlotte-nc,34943,2704,14748,4.3666937889883375,34109,2.4451024656249083,3.572663737416643
1,Service Occupations,4,Service Occupations,16,Personal Care & Service Occupations,2017,2017,04000US37,North Carolina,13470,885.2310432875703,0.8394999985484735,Charlotte,16000US3712000,charlotte-nc,38519,3482,13352,0.8837627321749552,35725,7.820853743876836,3.126544993698167
1,Service Occupations,5,Protective Service Occupations,12,"Fire Fighting & Prevention, & Other Protective Service Workers Including Supervisors",2017,2017,04000US37,North Carolina,4109,478.4579396352411,0.8051594204311102,Charlotte,16000US3712000,charlotte-nc,52562,6735,4280,-3.995327103,52278,0.5432495504801255,0.953747096
1,Service Occupations,5,Protective Service Occupations,13,Law Enforcement Workers Including Supervisors,2017,2017,04000US37,North Carolina,1820,341.22426642898654,0.43497290371570685,Charlotte,16000US3712000,charlotte-nc,93716,7037,1786,1.9036954087346025,91366,2.572072762296697,0.4224433473296706
2,Sales & Office Occupations,6,Sales & Office Occupations,17,Sales & Related Occupations,2017,2017,04000US37,North Carolina,50804,1625.2464428510525,1.118127737,Charlotte,16000US3712000,charlotte-nc,72037,3524,49906,1.7993828397387088,66780,7.872117400419287,11.792204295459662
2,Sales & Office Occupations,6,Sales & Office Occupations,18,Office & Administrative Support Occupations,2017,2017,04000US37,North Carolina,52691,1717.946739570235,0.9417511474113389,Charlotte,16000US3712000,charlotte-nc,61909,1778,52507,0.3504294665473175,60607,2.1482667018661212,12.230199128652568
3,"Natural Resources, Construction, & Maintenance Occupations",7,"Natural Resources, Construction, & Maintenance Occupations",19,"Farming, Fishing, & Forestry Occupations",2017,2017,04000US37,North Carolina,322,119.47384651043927,0.10573889140608353,Charlotte,16000US3712000,charlotte-nc,27691,5172,358,-10.05586592,28822,-3.924085768,0.074739977
3,"Natural Resources, Construction, & Maintenance Occupations",7,"Natural Resources, Construction, & Maintenance Occupations",20,Construction & Extraction Occupations,2017,2017,04000US37,North Carolina,20655,1215.2909116750607,0.9518302275356556,Charlotte,16000US3712000,charlotte-nc,50772,3039,19495,5.950243652218518,49282,3.0234162574570838,4.794267768733158
3,"Natural Resources, Construction, & Maintenance Occupations",7,"Natural Resources, Construction, & Maintenance Occupations",21,"Installation, Maintenance, & Repair Occupations",2017,2017,04000US37,North Carolina,9140,868.4014048814063,0.6766622737323247,Charlotte,16000US3712000,charlotte-nc,68792,10579,8633,5.872813622147573,67672,1.6550419671355954,2.1215012058204334
4,"Production, Transportation, & Material Moving Occupations",8,"Production, Transportation, & Material Moving Occupations",22,Production Occupations,2017,2017,04000US37,North Carolina,16940,1039.671582760633,0.6696481794376291,Charlotte,16000US3712000,charlotte-nc,52059,2429,15822,7.066110479079763,51581,0.9266978150869507,3.931972694376165
4,"Production, Transportation, & Material Moving Occupations",8,"Production, Transportation, & Material Moving Occupations",23,Transportation Occupations,2017,2017,04000US37,North Carolina,14386,995.1909364539048,0.9081927822125705,Charlotte,16000US3712000,charlotte-nc,57002,4828,14236,1.0536667603259342,57090,-0.154142582,3.339159337738814
0,"Management, Business, Science, & Arts Occupations",0,"Management, Business, & Financial Occupations",0,Management Occupations,2016,2016,04000US37,North Carolina,48442,1511.2263232223027,1.1622284221854353,Charlotte,16000US3712000,charlotte-nc,148270,6792,46428,4.337899543378995,147184,0.7378519404283074,11.663664994076914
0,"Management, Business, Science, & Arts Occupations",0,"Management, Business, & Financial Occupations",1,Business & Financial Operations Occupations,2016,2016,04000US37,North Carolina,33670,1170.9765155629723,1.6809625964556982,Charlotte,16000US3712000,charlotte-nc,126536,4837,31789,5.917141149454213,125797,0.5874543908042322,8.106923751
0,"Management, Business, Science, & Arts Occupations",1,"Computer, Engineering, & Science Occupations",2,Computer & Mathematical Occupations,2016,2016,04000US37,North Carolina,18534,961.4749086689677,1.598974879,Charlotte,16000US3712000,charlotte-nc,146294,6754,16961,9.274217322091857,140287,4.2819363162659405,4.462540089183385
0,"Management, Business, Science, & Arts Occupations",1,"Computer, Engineering, & Science Occupations",3,Architecture & Engineering Occupations,2016,2016,04000US37,North Carolina,7446,622.8611402230838,0.9799674514232865,Charlotte,16000US3712000,charlotte-nc,125111,10117,7187,3.603728955057743,125391,-0.223301513,1.7928171740616963
0,"Management, Business, Science, & Arts Occupations",1,"Computer, Engineering, & Science Occupations",4,"Life, Physical, & Social Science Occupations",2016,2016,04000US37,North Carolina,2082,272.34720486907884,0.5725811948829637,Charlotte,16000US3712000,charlotte-nc,108179,12467,1954,6.550665301944729,107001,1.100924290427192,0.5012953742138668
0,"Management, Business, Science, & Arts Occupations",2,"Education, Legal, Community Service, Arts, & Media Occupations",5,Community & Social Service Occupations,2016,2016,04000US37,North Carolina,7392,666.9190355657875,1.0537987638922488,Charlotte,16000US3712000,charlotte-nc,81204,5766,7153,3.341255417307423,79163,2.5782246756691887,1.779815276747792
0,"Management, Business, Science, & Arts Occupations",2,"Education, Legal, Community Service, Arts, & Media Occupations",6,Legal Occupations,2016,2016,04000US37,North Carolina,5595,519.7547499,1.1780809662328422,Charlotte,16000US3712000,charlotte-nc,178799,40218,5175,8.115942028985506,194109,-7.887321041,1.347141027246198
0,"Management, Business, Science, & Arts Occupations",2,"Education, Legal, Community Service, Arts, & Media Occupations",7,"Education Instruction, & Library Occupations",2016,2016,04000US37,North Carolina,21851,917.1804621,0.8691294075182864,Charlotte,16000US3712000,charlotte-nc,74738,4167,21533,1.4768030464867876,71629,4.340420779293304,5.261193670483767
0,"Management, Business, Science, & Arts Occupations",2,"Education, Legal, Community Service, Arts, & Media Occupations",8,"Arts, Design, Entertainment, Sports, & Media Occupations",2016,2016,04000US37,North Carolina,8783,624.8199740725323,1.0819404368185208,Charlotte,16000US3712000,charlotte-nc,76782,10105,8811,-0.317784587,73865,3.949096324,2.114734521
0,"Management, Business, Science, & Arts Occupations",3,Healthcare Practitioners & Technical Occupations,9,Health Diagnosing & Treating Practitioners & Other Technical Occupations,2016,2016,04000US37,North Carolina,14265,881.0022701446347,0.8694917559440867,Charlotte,16000US3712000,charlotte-nc,169682,27708,13900,2.6258992805755397,162123,4.662509329336368,3.4346678737563927
0,"Management, Business, Science, & Arts Occupations",3,Healthcare Practitioners & Technical Occupations,10,Health Technologists & Technicians,2016,2016,04000US37,North Carolina,4820,499.24743364387956,0.6276824759408866,Charlotte,16000US3712000,charlotte-nc,71835,6706,4791,0.6053016071801294,72596,-1.048267122,1.1605397232040526
1,Service Occupations,4,Service Occupations,11,Healthcare Support Occupations,2016,2016,04000US37,North Carolina,8554,736.3912004,0.843248819,Charlotte,16000US3712000,charlotte-nc,48229,3266,8561,-0.081766149,46717,3.2365091936554147,2.0595968448729183
1,Service Occupations,4,Service Occupations,14,Food Preparation & Serving Related Occupations,2016,2016,04000US37,North Carolina,27057,1531.6634747881142,1.1222061533082888,Charlotte,16000US3712000,charlotte-nc,30221,2339,26000,4.065384615384615,29043,4.056054815273905,6.514672881894618
1,Service Occupations,4,Service Occupations,15,Building & Grounds Cleaning & Maintenance Occupations,2016,2016,04000US37,North Carolina,14748,863.9317102641852,0.8997457767969254,Charlotte,16000US3712000,charlotte-nc,34109,2463,14841,-0.62664241,34962,-2.439791774,3.5509626219529813
1,Service Occupations,4,Service Occupations,16,Personal Care & Service Occupations,2016,2016,04000US37,North Carolina,13352,931.4644383979455,0.8657064856042588,Charlotte,16000US3712000,charlotte-nc,35725,4975,12746,4.7544327632198335,35428,0.8383199729027888,3.2148394988009357
1,Service Occupations,5,Protective Service Occupations,12,"Fire Fighting & Prevention, & Other Protective Service Workers Including Supervisors",2016,2016,04000US37,North Carolina,4280,481.58280700207723,0.8580473848197192,Charlotte,16000US3712000,charlotte-nc,52278,5454,4298,-0.418799442,52410,-0.251860332,1.0305207500650095
1,Service Occupations,5,Protective Service Occupations,13,Law Enforcement Workers Including Supervisors,2016,2016,04000US37,North Carolina,1786,317.2270480271189,0.44080394794318706,Charlotte,16000US3712000,charlotte-nc,91366,9317,1599,11.694809255784866,92787,-1.531464537,0.4300257148635763
2,Sales & Office Occupations,6,Sales & Office Occupations,17,Sales & Related Occupations,2016,2016,04000US37,North Carolina,49906,1610.1707983937606,1.1245873041811514,Charlotte,16000US3712000,charlotte-nc,66780,2772,48978,1.8947282453346401,66457,0.4860285598206359,12.016160876809431
2,Sales & Office Occupations,6,Sales & Office Occupations,18,Office & Administrative Support Occupations,2016,2016,04000US37,North Carolina,52507,1546.3311417675066,0.9610691013751995,Charlotte,16000US3712000,charlotte-nc,60607,1780,50576,3.818016450490351,60731,-0.204179085,12.642418930762489
3,"Natural Resources, Construction, & Maintenance Occupations",7,"Natural Resources, Construction, & Maintenance Occupations",19,"Farming, Fishing, & Forestry Occupations",2016,2016,04000US37,North Carolina,358,113.6001760562016,0.12067222656541057,Charlotte,16000US3712000,charlotte-nc,28822,11029,447,-19.91051454,28013,2.887944882733017,0.086197764
3,"Natural Resources, Construction, & Maintenance Occupations",7,"Natural Resources, Construction, & Maintenance Occupations",20,Construction & Extraction Occupations,2016,2016,04000US37,North Carolina,19495,1139.6139697283463,0.9382412577980338,Charlotte,16000US3712000,charlotte-nc,49282,3527,19420,0.3861997940267765,46587,5.784875609075494,4.693925706195644
3,"Natural Resources, Construction, & Maintenance Occupations",7,"Natural Resources, Construction, & Maintenance Occupations",21,"Installation, Maintenance, & Repair Occupations",2016,2016,04000US37,North Carolina,8633,695.1294843408673,0.6531482371609606,Charlotte,16000US3712000,charlotte-nc,67672,12509,7911,9.126532676,60102,12.595254733619512,2.0786181390914082
4,"Production, Transportation, & Material Moving Occupations",8,"Production, Transportation, & Material Moving Occupations",22,Production Occupations,2016,2016,04000US37,North Carolina,15822,879.8420312760695,0.6428491431304925,Charlotte,16000US3712000,charlotte-nc,51581,2709,15765,0.36156041864890576,51513,0.13200551317143244,3.809555912973967
4,"Production, Transportation, & Material Moving Occupations",8,"Production, Transportation, & Material Moving Occupations",23,Transportation Occupations,2016,2016,04000US37,North Carolina,14236,889.7156849241222,0.9406889501951778,Charlotte,16000US3712000,charlotte-nc,57090,5006,13374,6.445341707791237,56325,1.3581890812250332,3.427685373347074
0,"Management, Business, Science, & Arts Occupations",0,"Management, Business, & Financial Occupations",0,Management Occupations,2015,2015,04000US37,North Carolina,46428,1635.105195392639,1.1701235881057725,Charlotte,16000US3712000,charlotte-nc,147184,6556,43347,7.1077583223752505,149655,-1.651130934,11.561937349181566
0,"Management, Business, Science, & Arts Occupations",0,"Management, Business, & Financial Occupations",1,Business & Financial Operations Occupations,2015,2015,04000US37,North Carolina,31789,1247.1106606873345,1.6493397584251892,Charlotte,16000US3712000,charlotte-nc,125797,6007,29881,6.385328469596065,123919,1.5155060967244731,7.916395847185593
0,"Management, Business, Science, & Arts Occupations",1,"Computer, Engineering, & Science Occupations",2,Computer & Mathematical Occupations,2015,2015,04000US37,North Carolina,16961,1033.9656667414058,1.5582081663594691,Charlotte,16000US3712000,charlotte-nc,140287,8145,14737,15.091266879283435,135774,3.323905902455551,4.223787787099779
0,"Management, Business, Science, & Arts Occupations",1,"Computer, Engineering, & Science Occupations",3,Architecture & Engineering Occupations,2015,2015,04000US37,North Carolina,7187,674.8807302,0.9803462840953158,Charlotte,16000US3712000,charlotte-nc,125391,17932,6588,9.092289010321796,124178,0.9768235919406013,1.7897743544535174
0,"Management, Business, Science, & Arts Occupations",1,"Computer, Engineering, & Science Occupations",4,"Life, Physical, & Social Science Occupations",2015,2015,04000US37,North Carolina,1954,280.17851452243804,0.5542217483777923,Charlotte,16000US3712000,charlotte-nc,107001,10742,1994,-2.006018054,103780,3.103680863,0.486603463
0,"Management, Business, Science, & Arts Occupations",2,"Education, Legal, Community Service, Arts, & Media Occupations",5,Community & Social Service Occupations,2015,2015,04000US37,North Carolina,7153,683.6965701244961,1.061617739,Charlotte,16000US3712000,charlotte-nc,79163,6106,7088,0.9170428893905193,82511,-4.057640799,1.781307354585503
0,"Management, Business, Science, & Arts Occupations",2,"Education, Legal, Community Service, Arts, & Media Occupations",6,Legal Occupations,2015,2015,04000US37,North Carolina,5175,458.2455673544481,1.1178681493063156,Charlotte,16000US3712000,charlotte-nc,194109,50803,5008,3.334664536741214,192551,0.8091362807775603,1.2887271857933704
0,"Management, Business, Science, & Arts Occupations",2,"Education, Legal, Community Service, Arts, & Media Occupations",7,"Education Instruction, & Library Occupations",2015,2015,04000US37,North Carolina,21533,1120.7800854761829,0.8822658751186979,Charlotte,16000US3712000,charlotte-nc,71629,3575,21179,1.6714670192171492,72324,-0.960953487,5.362350239939834
0,"Management, Business, Science, & Arts Occupations",2,"Education, Legal, Community Service, Arts, & Media Occupations",8,"Arts, Design, Entertainment, Sports, & Media Occupations",2015,2015,04000US37,North Carolina,8811,653.8088405642739,1.1380412835425702,Charlotte,16000US3712000,charlotte-nc,73865,10352,8718,1.0667584308327598,73968,-0.139249405,2.194198112855147
0,"Management, Business, Science, & Arts Occupations",3,Healthcare Practitioners & Technical Occupations,9,Health Diagnosing & Treating Practitioners & Other Technical Occupations,2015,2015,04000US37,North Carolina,13900,769.1976339,0.8844550356221443,Charlotte,16000US3712000,charlotte-nc,162123,17712,13214,5.191463599212956,157141,3.170401104740329,3.461508769570599
0,"Management, Business, Science, & Arts Occupations",3,Healthcare Practitioners & Technical Occupations,10,Health Technologists & Technicians,2015,2015,04000US37,North Carolina,4791,519.7239651969111,0.6569453468325432,Charlotte,16000US3712000,charlotte-nc,72596,6889,4701,1.9144862795149968,73466,-1.184221272,1.1930998931663839
1,Service Occupations,4,Service Occupations,11,Healthcare Support Occupations,2015,2015,04000US37,North Carolina,8561,696.3361257323937,0.8582722690672344,Charlotte,16000US3712000,charlotte-nc,46717,6358,8084,5.900544285007422,47096,-0.804739256,2.131940760884453
1,Service Occupations,4,Service Occupations,14,Food Preparation & Serving Related Occupations,2015,2015,04000US37,North Carolina,26000,1503.371211644017,1.1178482341291467,Charlotte,16000US3712000,charlotte-nc,29043,1456,25854,0.5647095227044171,28835,0.7213455869602913,6.474764604952199
1,Service Occupations,4,Service Occupations,15,Building & Grounds Cleaning & Maintenance Occupations,2015,2015,04000US37,North Carolina,14841,1022.5243273389635,0.9290929898978509,Charlotte,16000US3712000,charlotte-nc,34962,2220,13915,6.654689184333454,36057,-3.036858308,3.6958454423882916
1,Service Occupations,4,Service Occupations,16,Personal Care & Service Occupations,2015,2015,04000US37,North Carolina,12746,785.2827516251709,0.8616142434254865,Charlotte,16000US3712000,charlotte-nc,35428,4986,12338,3.3068568649700114,35287,0.3995805820840536,3.1741288328738744
1,Service Occupations,5,Protective Service Occupations,12,"Fire Fighting & Prevention, & Other Protective Service Workers Including Supervisors",2015,2015,04000US37,North Carolina,4298,478.26038932782217,0.8752902179083887,Charlotte,16000US3712000,charlotte-nc,52410,7341,4204,2.235965746907707,51716,1.3419444659293063,1.0703283950801752
1,Service Occupations,5,Protective Service Occupations,13,Law Enforcement Workers Including Supervisors,2015,2015,04000US37,North Carolina,1599,284.17600180170035,0.4043271869008928,Charlotte,16000US3712000,charlotte-nc,92787,13430,1740,-8.103448276,91899,0.9662781967159599,0.3981980232045602
2,Sales & Office Occupations,6,Sales & Office Occupations,17,Sales & Related Occupations,2015,2015,04000US37,North Carolina,48978,1583.1756061789229,1.1321514285488317,Charlotte,16000US3712000,charlotte-nc,66457,2984,47823,2.4151558873345462,66431,0.039138354,12.196962339282646
2,Sales & Office Occupations,6,Sales & Office Occupations,18,Office & Administrative Support Occupations,2015,2015,04000US37,North Carolina,50576,1564.9319474021868,0.9463779677728177,Charlotte,16000US3712000,charlotte-nc,60731,1700,49732,1.6970964369017936,62365,-2.620059328,12.594911333079322
3,"Natural Resources, Construction, & Maintenance Occupations",7,"Natural Resources, Construction, & Maintenance Occupations",19,"Farming, Fishing, & Forestry Occupations",2015,2015,04000US37,North Carolina,447,145.2067491544384,0.15288544342358518,Charlotte,16000US3712000,charlotte-nc,28013,12000,558,-19.89247312,26512,5.6615872057936025,0.11131614532360126
3,"Natural Resources, Construction, & Maintenance Occupations",7,"Natural Resources, Construction, & Maintenance Occupations",20,Construction & Extraction Occupations,2015,2015,04000US37,North Carolina,19420,1081.0074005297095,0.9677417467520636,Charlotte,16000US3712000,charlotte-nc,46587,4283,18264,6.329391151992992,44265,5.245679430701458,4.8361511010835265
3,"Natural Resources, Construction, & Maintenance Occupations",7,"Natural Resources, Construction, & Maintenance Occupations",21,"Installation, Maintenance, & Repair Occupations",2015,2015,04000US37,North Carolina,7911,760.5609771740856,0.6117229285991013,Charlotte,16000US3712000,charlotte-nc,60102,10973,7527,5.1016341171781585,58427,2.8668252691392677,1.9700716457606477
4,"Production, Transportation, & Material Moving Occupations",8,"Production, Transportation, & Material Moving Occupations",22,Production Occupations,2015,2015,04000US37,North Carolina,15765,1048.227551631801,0.658124016,Charlotte,16000US3712000,charlotte-nc,51513,2505,16207,-2.727216635,51480,0.064102564,3.925948615271978
4,"Production, Transportation, & Material Moving Occupations",8,"Production, Transportation, & Material Moving Occupations",23,Transportation Occupations,2015,2015,04000US37,North Carolina,13374,955.7557219289874,0.9249024083281151,Charlotte,16000US3712000,charlotte-nc,56325,2659,12734,5.025914873566829,56515,-0.336193931,3.330519301024258
0,"Management, Business, Science, & Arts Occupations",0,"Management, Business, & Financial Occupations",0,Management Occupations,2014,2014,04000US37,North Carolina,43347,1418.862220231408,1.150057397975633,Charlotte,16000US3712000,charlotte-nc,149655,6476,42233,2.637747732815571,142954,4.687521860178799,11.222582382303598
0,"Management, Business, Science, & Arts Occupations",0,"Management, Business, & Financial Occupations",1,Business & Financial Operations Occupations,2014,2014,04000US37,North Carolina,29881,1267.9136405922923,1.6192057251254648,Charlotte,16000US3712000,charlotte-nc,123919,6708,27946,6.924067845129893,120619,2.735887381,7.736221287877219
0,"Management, Business, Science, & Arts Occupations",1,"Computer, Engineering, & Science Occupations",2,Computer & Mathematical Occupations,2014,2014,04000US37,North Carolina,14737,884.7785033555008,1.4480199999359205,Charlotte,16000US3712000,charlotte-nc,135774,7155,14275,3.2364273204903675,132699,2.3172744331155473,3.815424286986599
0,"Management, Business, Science, & Arts Occupations",1,"Computer, Engineering, & Science Occupations",3,Architecture & Engineering Occupations,2014,2014,04000US37,North Carolina,6588,591.8259879390225,0.9337318512450911,Charlotte,16000US3712000,charlotte-nc,124178,18497,6215,6.001609010458568,128840,-3.618441478,1.7056398997535263
0,"Management, Business, Science, & Arts Occupations",1,"Computer, Engineering, & Science Occupations",4,"Life, Physical, & Social Science Occupations",2014,2014,04000US37,North Carolina,1994,323.2336616133907,0.5872505491414933,Charlotte,16000US3712000,charlotte-nc,103780,19402,1968,1.321138211382114,101779,1.966024425470873,0.5162486278246101
0,"Management, Business, Science, & Arts Occupations",2,"Education, Legal, Community Service, Arts, & Media Occupations",5,Community & Social Service Occupations,2014,2014,04000US37,North Carolina,7088,615.5038586394077,1.0970636656087258,Charlotte,16000US3712000,charlotte-nc,82511,6788,6558,8.081732235437633,82566,-0.066613376,1.8350904082351234
0,"Management, Business, Science, & Arts Occupations",2,"Education, Legal, Community Service, Arts, & Media Occupations",6,Legal Occupations,2014,2014,04000US37,North Carolina,5008,459.6194077712559,1.114184190583746,Charlotte,16000US3712000,charlotte-nc,192551,34280,5106,-1.919310615,198037,-2.770189409,1.2965762929516786
0,"Management, Business, Science, & Arts Occupations",2,"Education, Legal, Community Service, Arts, & Media Occupations",7,"Education Instruction, & Library Occupations",2014,2014,04000US37,North Carolina,21179,1145.778338074167,0.8950294446013458,Charlotte,16000US3712000,charlotte-nc,72324,3832,19772,7.116123811450537,71749,0.8014048976292352,5.483264638263499
0,"Management, Business, Science, & Arts Occupations",2,"Education, Legal, Community Service, Arts, & Media Occupations",8,"Arts, Design, Entertainment, Sports, & Media Occupations",2014,2014,04000US37,North Carolina,8718,674.6858528233714,1.1807088407021655,Charlotte,16000US3712000,charlotte-nc,73968,10538,8171,6.694407049320769,75888,-2.530044276,2.257099065885131
0,"Management, Business, Science, & Arts Occupations",3,Healthcare Practitioners & Technical Occupations,9,Health Diagnosing & Treating Practitioners & Other Technical Occupations,2014,2014,04000US37,North Carolina,13214,745.5876876665816,0.8813469491933142,Charlotte,16000US3712000,charlotte-nc,157141,17454,13116,0.7471790179932906,162424,-3.252598138,3.421118038151654
0,"Management, Business, Science, & Arts Occupations",3,Healthcare Practitioners & Technical Occupations,10,Health Technologists & Technicians,2014,2014,04000US37,North Carolina,4701,474.4101600935629,0.6822515438145474,Charlotte,16000US3712000,charlotte-nc,73466,11293,4869,-3.450400493,74569,-1.479166946,1.217093680743978
1,Service Occupations,4,Service Occupations,11,Healthcare Support Occupations,2014,2014,04000US37,North Carolina,8084,582.8979327463773,0.8338414627618838,Charlotte,16000US3712000,charlotte-nc,47096,5804,7581,6.635008574066746,42587,10.587738042125531,2.0929558211304657
1,Service Occupations,4,Service Occupations,14,Food Preparation & Serving Related Occupations,2014,2014,04000US37,North Carolina,25854,1562.369995,1.1617742001826121,Charlotte,16000US3712000,charlotte-nc,28835,2245,24352,6.167871222076215,28721,0.39692211273980715,6.693626892566434
1,Service Occupations,4,Service Occupations,15,Building & Grounds Cleaning & Maintenance Occupations,2014,2014,04000US37,North Carolina,13915,1090.4035950050786,0.8990401679889318,Charlotte,16000US3712000,charlotte-nc,36057,1900,13793,0.8845066337997535,36095,-0.105277739,3.602607651042853
1,Service Occupations,4,Service Occupations,16,Personal Care & Service Occupations,2014,2014,04000US37,North Carolina,12338,795.4753295985992,0.8741547141920449,Charlotte,16000US3712000,charlotte-nc,35287,5399,11573,6.610213428,34231,3.084923022990856,3.1943207472918953
1,Service Occupations,5,Protective Service Occupations,12,"Fire Fighting & Prevention, & Other Protective Service Workers Including Supervisors",2014,2014,04000US37,North Carolina,4204,477.22217048247035,0.8823951302381792,Charlotte,16000US3712000,charlotte-nc,51716,6266,3867,8.714765968450996,51811,-0.183358746,1.0884198753132701
1,Service Occupations,5,Protective Service Occupations,13,Law Enforcement Workers Including Supervisors,2014,2014,04000US37,North Carolina,1740,338.9527990738533,0.4516507300773407,Charlotte,16000US3712000,charlotte-nc,91899,15420,1822,-4.500548847,91509,0.426187588,0.4504877695159586
2,Sales & Office Occupations,6,Sales & Office Occupations,17,Sales & Related Occupations,2014,2014,04000US37,North Carolina,47823,1752.2676736161059,1.1398886235147443,Charlotte,16000US3712000,charlotte-nc,66431,3109,47053,1.6364525109982362,65086,2.066496635221092,12.381423334230856
2,Sales & Office Occupations,6,Sales & Office Occupations,18,Office & Administrative Support Occupations,2014,2014,04000US37,North Carolina,49732,1415.9721042449953,0.9541718114004731,Charlotte,16000US3712000,charlotte-nc,62365,1900,49938,-0.412511514,61622,1.20573821,12.875665375613595
3,"Natural Resources, Construction, & Maintenance Occupations",7,"Natural Resources, Construction, & Maintenance Occupations",19,"Farming, Fishing, & Forestry Occupations",2014,2014,04000US37,North Carolina,558,238.933045,0.19721244598654117,Charlotte,16000US3712000,charlotte-nc,26512,16563,600,-7,33737,-21.4156564,0.1444667674654626
3,"Natural Resources, Construction, & Maintenance Occupations",7,"Natural Resources, Construction, & Maintenance Occupations",20,Construction & Extraction Occupations,2014,2014,04000US37,North Carolina,18264,1166.883456048632,0.9460297777664435,Charlotte,16000US3712000,charlotte-nc,44265,6827,18145,0.655828052,43977,0.6548877822498124,4.728568173815787
3,"Natural Resources, Construction, & Maintenance Occupations",7,"Natural Resources, Construction, & Maintenance Occupations",21,"Installation, Maintenance, & Repair Occupations",2014,2014,04000US37,North Carolina,7527,654.7159689514225,0.60036199,Charlotte,16000US3712000,charlotte-nc,58427,7405,7758,-2.977571539,59693,-2.120851691,1.9487479546819662
4,"Production, Transportation, & Material Moving Occupations",8,"Production, Transportation, & Material Moving Occupations",22,Production Occupations,2014,2014,04000US37,North Carolina,16207,1114.5698721928563,0.704619041,Charlotte,16000US3712000,charlotte-nc,51480,2566,16047,0.9970711036330779,51526,-0.089275317,4.196008781922496
4,"Production, Transportation, & Material Moving Occupations",8,"Production, Transportation, & Material Moving Occupations",23,Transportation Occupations,2014,2014,04000US37,North Carolina,12734,840.1630794078017,0.924687337,Charlotte,16000US3712000,charlotte-nc,56515,3005,12574,1.2724669953873071,55662,1.5324637993604255,3.2968455500093206
